time,date,Q,C,C_interp,Q_interp,phase,step_days,site
1,1991-01-02,9.9525,0.605403,FALSE,FALSE,pre,7,fernow_WS-5
2,1991-01-09,31.9202,0.600885,FALSE,FALSE,pre,7,fernow_WS-5
3,1991-01-16,12.3739,0.56022400000000006,FALSE,FALSE,pre,7,fernow_WS-5
4,1991-01-23,6.6655,0.56926,FALSE,FALSE,pre,7,fernow_WS-5
5,1991-01-30,18.2381,0.56022400000000006,FALSE,FALSE,pre,7,fernow_WS-5
6,1991-02-06,17.2935,0.56926,FALSE,FALSE,pre,7,fernow_WS-5
7,1991-02-13,12.4154,0.548929,FALSE,FALSE,pre,7,fernow_WS-5
8,1991-02-20,19.6932,0.56926,FALSE,FALSE,pre,7,fernow_WS-5
9,1991-02-27,18.9714,0.639288,FALSE,FALSE,pre,7,fernow_WS-5
10,1991-03-06,19.819,0.56926,FALSE,FALSE,pre,7,fernow_WS-5
11,1991-03-13,16.3098,0.618957,FALSE,FALSE,pre,7,fernow_WS-5
12,1991-03-20,33.7683,0.56022400000000006,FALSE,FALSE,pre,7,fernow_WS-5
13,1991-03-27,7.1935,0.539893,FALSE,FALSE,pre,7,fernow_WS-5
14,1991-04-03,9.4125,0.519562,FALSE,FALSE,pre,7,fernow_WS-5
15,1991-04-10,34.5245,0.58959,FALSE,FALSE,pre,7,fernow_WS-5
16,1991-04-17,9.861,0.490196,FALSE,FALSE,pre,7,fernow_WS-5
17,1991-04-24,14.3419,0.499232,FALSE,FALSE,pre,7,fernow_WS-5
18,1991-05-01,4.5272,0.440498,FALSE,FALSE,pre,7,fernow_WS-5
19,1991-05-08,2.8325,0.440498,FALSE,FALSE,pre,7,fernow_WS-5
20,1991-05-15,1.3136,0.420168,FALSE,FALSE,pre,7,fernow_WS-5
21,1991-05-22,0.6141,0.320773,FALSE,FALSE,pre,7,fernow_WS-5
22,1991-05-29,0.4316,0.329809,FALSE,FALSE,pre,7,fernow_WS-5
23,1991-06-05,0.177,0.379506,FALSE,FALSE,pre,7,fernow_WS-5
24,1991-06-12,0.1872,0.309478,FALSE,FALSE,pre,7,fernow_WS-5
25,1991-06-19,1.4039,0.420168,FALSE,FALSE,pre,7,fernow_WS-5
26,1991-06-26,0.2848,0.259781,FALSE,FALSE,pre,7,fernow_WS-5
27,1991-07-03,0.2107,0.230415,FALSE,FALSE,pre,7,fernow_WS-5
28,1991-07-10,0.4383,0.28011200000000003,FALSE,FALSE,pre,7,fernow_WS-5
29,1991-07-17,0.3413,0.259781,FALSE,FALSE,pre,7,fernow_WS-5
30,1991-07-24,0.3468,0.271076,FALSE,FALSE,pre,7,fernow_WS-5
31,1991-07-31,0.1529,0.21912,FALSE,FALSE,pre,7,fernow_WS-5
32,1991-08-07,0.4034,0.271076,FALSE,FALSE,pre,7,fernow_WS-5
33,1991-08-14,0.1469,0.210084,FALSE,FALSE,pre,7,fernow_WS-5
34,1991-08-21,0.0548,0.256769,TRUE,FALSE,pre,7,fernow_WS-5
35,1991-08-28,0.1085,0.303455,TRUE,FALSE,pre,7,fernow_WS-5
36,1991-09-04,0.9951,0.35014,FALSE,FALSE,pre,7,fernow_WS-5
37,1991-09-11,0.1355,0.21912,FALSE,FALSE,pre,7,fernow_WS-5
38,1991-09-18,0.2504,0.320773,FALSE,FALSE,pre,7,fernow_WS-5
39,1991-09-25,0.0957,0.259781,FALSE,FALSE,pre,7,fernow_WS-5
40,1991-10-02,0.2648,0.35014,FALSE,FALSE,pre,7,fernow_WS-5
41,1991-10-09,0.8988,0.440498,FALSE,FALSE,pre,7,fernow_WS-5
42,1991-10-16,0.5635,0.440498,FALSE,FALSE,pre,7,fernow_WS-5
43,1991-10-23,0.1084,0.309478,FALSE,FALSE,pre,7,fernow_WS-5
44,1991-10-30,0.074,0.309478,FALSE,FALSE,pre,7,fernow_WS-5
45,1991-11-06,0.1355,0.289148,FALSE,FALSE,pre,7,fernow_WS-5
46,1991-11-13,0.6773,0.399837,FALSE,FALSE,pre,7,fernow_WS-5
47,1991-11-20,5.7721,0.56926,FALSE,FALSE,pre,7,fernow_WS-5
48,1991-11-27,20.893,0.639288,FALSE,FALSE,pre,7,fernow_WS-5
49,1991-12-04,16.5374,0.539893,FALSE,FALSE,pre,7,fernow_WS-5
50,1991-12-11,16.4634,0.490196,FALSE,FALSE,pre,7,fernow_WS-5
51,1991-12-18,12.5791,0.449534,FALSE,FALSE,pre,7,fernow_WS-5
52,1991-12-25,13.1655,0.460829,FALSE,FALSE,pre,7,fernow_WS-5
53,1992-01-01,6.7962,0.449534,FALSE,FALSE,pre,7,fernow_WS-5
54,1992-01-08,7.654,0.449534,FALSE,FALSE,pre,7,fernow_WS-5
55,1992-01-15,8.7407,0.460829,FALSE,FALSE,pre,7,fernow_WS-5
56,1992-01-22,15.2009,0.449534,FALSE,FALSE,pre,7,fernow_WS-5
57,1992-01-29,5.2544,0.411132,FALSE,FALSE,pre,7,fernow_WS-5
58,1992-02-05,7.2796,0.429204,FALSE,FALSE,pre,7,fernow_WS-5
59,1992-02-12,29.4573,0.490196,FALSE,FALSE,pre,7,fernow_WS-5
60,1992-02-19,16.1052,0.429204,FALSE,FALSE,pre,7,fernow_WS-5
61,1992-02-26,26.6206,0.399837,FALSE,FALSE,pre,7,fernow_WS-5
62,1992-03-04,10.799,0.411132,FALSE,FALSE,pre,7,fernow_WS-5
63,1992-03-11,15.5531,0.429204,FALSE,FALSE,pre,7,fernow_WS-5
64,1992-03-18,25.2781,0.379506,FALSE,FALSE,pre,7,fernow_WS-5
65,1992-03-25,16.8107,0.399837,FALSE,FALSE,pre,7,fernow_WS-5
66,1992-04-01,11.5383,0.359176,FALSE,FALSE,pre,7,fernow_WS-5
67,1992-04-08,5.6072,0.359176,FALSE,FALSE,pre,7,fernow_WS-5
68,1992-04-15,21.604,0.35014,FALSE,FALSE,pre,7,fernow_WS-5
69,1992-04-22,17.4067,0.341104,FALSE,FALSE,pre,7,fernow_WS-5
70,1992-04-29,14.7127,0.35014,FALSE,FALSE,pre,7,fernow_WS-5
71,1992-05-06,5.9425,0.289148,FALSE,FALSE,pre,7,fernow_WS-5
72,1992-05-13,14.7169,0.341104,FALSE,FALSE,pre,7,fernow_WS-5
73,1992-05-20,3.0528,0.341104,FALSE,FALSE,pre,7,fernow_WS-5
74,1992-05-27,1.1149,0.309478,FALSE,FALSE,pre,7,fernow_WS-5
75,1992-06-03,0.9614,0.289148,FALSE,FALSE,pre,7,fernow_WS-5
76,1992-06-10,0.847,0.300443,FALSE,FALSE,pre,7,fernow_WS-5
77,1992-06-17,0.6767,0.309478,FALSE,FALSE,pre,7,fernow_WS-5
78,1992-06-24,0.3811,0.28011200000000003,FALSE,FALSE,pre,7,fernow_WS-5
79,1992-07-01,0.8193,0.341104,FALSE,FALSE,pre,7,fernow_WS-5
80,1992-07-08,1.1884,0.399837,FALSE,FALSE,pre,7,fernow_WS-5
81,1992-07-15,0.5737,0.309478,FALSE,FALSE,pre,7,fernow_WS-5
82,1992-07-22,5.0323,0.510526,FALSE,FALSE,pre,7,fernow_WS-5
83,1992-07-29,2.3653,0.320773,FALSE,FALSE,pre,7,fernow_WS-5
84,1992-08-05,1.2691,0.329809,FALSE,FALSE,pre,7,fernow_WS-5
85,1992-08-12,5.1527,0.379506,FALSE,FALSE,pre,7,fernow_WS-5
86,1992-08-19,0.8308,0.320773,FALSE,FALSE,pre,7,fernow_WS-5
87,1992-08-26,1.024,0.309478,FALSE,FALSE,pre,7,fernow_WS-5
88,1992-09-02,0.369,0.28011200000000003,FALSE,FALSE,pre,7,fernow_WS-5
89,1992-09-09,0.4726,0.309478,FALSE,FALSE,pre,7,fernow_WS-5
90,1992-09-16,0.3871,0.271076,FALSE,FALSE,pre,7,fernow_WS-5
91,1992-09-23,0.2962,0.309478,FALSE,FALSE,pre,7,fernow_WS-5
92,1992-09-30,0.1475,0.290277,TRUE,FALSE,pre,7,fernow_WS-5
93,1992-10-07,0.1481,0.271076,FALSE,FALSE,pre,7,fernow_WS-5
94,1992-10-14,0.1361,0.225897,TRUE,FALSE,pre,7,fernow_WS-5
95,1992-10-21,0.1926,0.180717,FALSE,FALSE,pre,7,fernow_WS-5
96,1992-10-28,0.5966,0.210084,FALSE,FALSE,pre,7,fernow_WS-5
97,1992-11-04,0.5803,0.28011200000000003,FALSE,FALSE,pre,7,fernow_WS-5
98,1992-11-11,1.8813,0.379506,FALSE,FALSE,pre,7,fernow_WS-5
99,1992-11-18,1.8819,0.440498,FALSE,FALSE,pre,7,fernow_WS-5
100,1992-11-25,1.5532,0.379506,FALSE,FALSE,pre,7,fernow_WS-5
101,1992-12-02,2.2239,0.440498,FALSE,FALSE,pre,7,fernow_WS-5
102,1992-12-09,2.7019,0.440498,FALSE,FALSE,pre,7,fernow_WS-5
103,1992-12-16,49.3726,0.390801,FALSE,FALSE,pre,7,fernow_WS-5
104,1992-12-23,16.2021,1.66034,FALSE,FALSE,pre,7,fernow_WS-5
105,1992-12-30,10.51,0.341104,FALSE,FALSE,pre,7,fernow_WS-5
106,1993-01-06,7.0117,0.35014,FALSE,FALSE,pre,7,fernow_WS-5
107,1993-01-13,8.3307,0.370471,FALSE,FALSE,pre,7,fernow_WS-5
108,1993-01-20,9.0303,0.379506,FALSE,FALSE,pre,7,fernow_WS-5
109,1993-01-27,5.721,0.399837,FALSE,FALSE,pre,7,fernow_WS-5
110,1993-02-03,2.3882,0.390801,FALSE,FALSE,pre,7,fernow_WS-5
111,1993-02-10,2.0764,0.429204,FALSE,FALSE,pre,7,fernow_WS-5
112,1993-02-17,20.6835,0.460829,FALSE,FALSE,pre,7,fernow_WS-5
113,1993-02-24,7.3874,0.390801,FALSE,FALSE,pre,7,fernow_WS-5
114,1993-03-03,26.8024,0.390801,FALSE,FALSE,pre,7,fernow_WS-5
115,1993-03-10,11.6346,0.395319,TRUE,FALSE,pre,7,fernow_WS-5
116,1993-03-17,35.1843,0.399837,FALSE,FALSE,pre,7,fernow_WS-5
117,1993-03-24,44.0887,0.420168,FALSE,FALSE,pre,7,fernow_WS-5
118,1993-03-31,25.3401,0.359176,FALSE,FALSE,pre,7,fernow_WS-5
119,1993-04-07,16.2135,0.359176,FALSE,FALSE,pre,7,fernow_WS-5
120,1993-04-14,19.3862,0.329809,FALSE,FALSE,pre,7,fernow_WS-5
121,1993-04-21,22.0766,0.341104,FALSE,FALSE,pre,7,fernow_WS-5
122,1993-04-28,7.58,0.300443,FALSE,FALSE,pre,7,fernow_WS-5
123,1993-05-05,2.1047,0.309478,FALSE,FALSE,pre,7,fernow_WS-5
124,1993-05-12,4.6108,0.300443,FALSE,FALSE,pre,7,fernow_WS-5
125,1993-05-19,9.0248,0.309478,FALSE,FALSE,pre,7,fernow_WS-5
126,1993-05-26,1.5123,0.28011200000000003,FALSE,FALSE,pre,7,fernow_WS-5
127,1993-06-02,1.3365,0.28011200000000003,FALSE,FALSE,pre,7,fernow_WS-5
128,1993-06-09,0.6706,0.28011200000000003,FALSE,FALSE,pre,7,fernow_WS-5
129,1993-06-16,0.307,0.210084,FALSE,FALSE,pre,7,fernow_WS-5
130,1993-06-23,0.2842,0.259781,FALSE,FALSE,pre,7,fernow_WS-5
131,1993-06-30,0.7561,0.289148,FALSE,FALSE,pre,7,fernow_WS-5
132,1993-07-07,0.1535,0.250745,FALSE,FALSE,pre,7,fernow_WS-5
133,1993-07-14,0.1651,0.259781,FALSE,FALSE,pre,7,fernow_WS-5
134,1993-07-21,0.4383,0.35014,FALSE,FALSE,pre,7,fernow_WS-5
135,1993-07-28,0.2956,0.230415,FALSE,FALSE,pre,7,fernow_WS-5
136,1993-08-04,0.3413,0.374988,TRUE,FALSE,pre,7,fernow_WS-5
137,1993-08-11,0.2553,0.519562,FALSE,FALSE,pre,7,fernow_WS-5
138,1993-08-18,0.2101,0.481612,TRUE,FALSE,pre,7,fernow_WS-5
139,1993-08-25,0.0379,0.443661,TRUE,FALSE,pre,7,fernow_WS-5
140,1993-09-01,0.4305,0.40571,TRUE,FALSE,pre,7,fernow_WS-5
141,1993-09-08,0.192,0.36776,TRUE,FALSE,pre,7,fernow_WS-5
142,1993-09-15,1.1595,0.329809,FALSE,FALSE,pre,7,fernow_WS-5
143,1993-09-22,4.6915,0.478901,FALSE,FALSE,pre,7,fernow_WS-5
144,1993-09-29,0.9211,0.320773,FALSE,FALSE,pre,7,fernow_WS-5
145,1993-10-06,0.649,0.309478,FALSE,FALSE,pre,7,fernow_WS-5
146,1993-10-13,1.1709,0.21912,FALSE,FALSE,pre,7,fernow_WS-5
147,1993-10-20,5.5783,0.230415,FALSE,FALSE,pre,7,fernow_WS-5
148,1993-10-27,2.4508,0.230415,FALSE,FALSE,pre,7,fernow_WS-5
149,1993-11-03,18.2038,0.370471,FALSE,FALSE,pre,7,fernow_WS-5
150,1993-11-10,14.7627,0.28011200000000003,FALSE,FALSE,pre,7,fernow_WS-5
151,1993-11-17,20.1483,0.28011200000000003,FALSE,FALSE,pre,7,fernow_WS-5
152,1993-11-24,14.7518,0.28011200000000003,FALSE,FALSE,pre,7,fernow_WS-5
153,1993-12-01,28.718,0.289148,FALSE,FALSE,pre,7,fernow_WS-5
154,1993-12-08,11.8345,0.271076,FALSE,FALSE,pre,7,fernow_WS-5
155,1993-12-15,16.4796,0.28011200000000003,FALSE,FALSE,pre,7,fernow_WS-5
156,1993-12-22,6.1755,0.289148,FALSE,FALSE,pre,7,fernow_WS-5
157,1993-12-29,4.4122,0.289148,FALSE,FALSE,pre,7,fernow_WS-5
158,1994-01-05,32.9147,0.289148,FALSE,FALSE,pre,7,fernow_WS-5
159,1994-01-12,14.154,0.289148,FALSE,FALSE,pre,7,fernow_WS-5
160,1994-01-19,6.1875,0.259781,FALSE,FALSE,pre,7,fernow_WS-5
161,1994-01-26,46.6599,0.271076,FALSE,FALSE,pre,7,fernow_WS-5
162,1994-02-02,12.6189,0.329809,FALSE,FALSE,pre,7,fernow_WS-5
163,1994-02-09,76.4706,0.271076,FALSE,FALSE,pre,7,fernow_WS-5
164,1994-02-16,18.3958,0.28011200000000003,FALSE,FALSE,pre,7,fernow_WS-5
165,1994-02-23,30.1003,0.14005600000000001,FALSE,FALSE,pre,7,fernow_WS-5
166,1994-03-02,23.5437,0.289148,FALSE,FALSE,pre,7,fernow_WS-5
167,1994-03-09,31.0442,0.259781,FALSE,FALSE,pre,7,fernow_WS-5
168,1994-03-16,27.3593,0.259781,FALSE,FALSE,pre,7,fernow_WS-5
169,1994-03-23,26.9324,0.250745,FALSE,FALSE,pre,7,fernow_WS-5
170,1994-03-30,16.6458,0.201048,FALSE,FALSE,pre,7,fernow_WS-5
171,1994-04-06,20.359,0.21912,FALSE,FALSE,pre,7,fernow_WS-5
172,1994-04-13,39.523,0.189753,FALSE,FALSE,pre,7,fernow_WS-5
173,1994-04-20,4.1118,0.14005600000000001,FALSE,FALSE,pre,7,fernow_WS-5
174,1994-04-27,10.1115,0.201048,FALSE,FALSE,pre,7,fernow_WS-5
175,1994-05-04,64.6199,0.189753,FALSE,FALSE,pre,7,fernow_WS-5
176,1994-05-11,9.855,0.210084,FALSE,FALSE,pre,7,fernow_WS-5
177,1994-05-18,4.9648,0.21912,FALSE,FALSE,pre,7,fernow_WS-5
178,1994-05-25,2.3033,0.259781,FALSE,FALSE,pre,7,fernow_WS-5
179,1994-06-01,0.8302,0.289148,FALSE,FALSE,pre,7,fernow_WS-5
180,1994-06-08,0.3979,0.259781,TRUE,FALSE,pre,7,fernow_WS-5
181,1994-06-15,1.5929,0.230415,FALSE,FALSE,pre,7,fernow_WS-5
182,1994-06-22,2.9059,0.28011200000000003,FALSE,FALSE,pre,7,fernow_WS-5
183,1994-06-29,6.8979,0.271076,FALSE,FALSE,pre,7,fernow_WS-5
184,1994-07-06,1.0523,0.289148,FALSE,FALSE,pre,7,fernow_WS-5
185,1994-07-13,2.5188,1.260503,FALSE,FALSE,pre,7,fernow_WS-5
186,1994-07-20,12.3353,0.271076,FALSE,FALSE,pre,7,fernow_WS-5
187,1994-07-27,30.4705,0.210084,FALSE,FALSE,pre,7,fernow_WS-5
188,1994-08-03,7.5517,0.230415,FALSE,FALSE,pre,7,fernow_WS-5
189,1994-08-10,1.626,0.250745,FALSE,FALSE,pre,7,fernow_WS-5
190,1994-08-17,19.7841,0.21912,FALSE,FALSE,pre,7,fernow_WS-5
191,1994-08-24,4.8053,0.230415,FALSE,FALSE,pre,7,fernow_WS-5
192,1994-08-31,10.2186,0.21912,FALSE,FALSE,pre,7,fernow_WS-5
193,1994-09-07,1.8313,0.259781,FALSE,FALSE,pre,7,fernow_WS-5
194,1994-09-14,0.7561,0.250745,FALSE,FALSE,pre,7,fernow_WS-5
195,1994-09-21,0.4828,0.180717,FALSE,FALSE,pre,7,fernow_WS-5
196,1994-09-28,0.2848,0.230415,FALSE,FALSE,pre,7,fernow_WS-5
197,1994-10-05,0.1824,0.210084,FALSE,FALSE,pre,7,fernow_WS-5
198,1994-10-12,0.0963,0.259781,FALSE,FALSE,pre,7,fernow_WS-5
199,1994-10-19,0.1932,0.090359,FALSE,FALSE,pre,7,fernow_WS-5
200,1994-10-26,0.1878,0.21912,FALSE,FALSE,pre,7,fernow_WS-5
201,1994-11-02,0.3016,0.169422,FALSE,FALSE,pre,7,fernow_WS-5
202,1994-11-09,0.6086,0.210084,FALSE,FALSE,pre,7,fernow_WS-5
203,1994-11-16,0.6478,0.23945,FALSE,FALSE,pre,7,fernow_WS-5
204,1994-11-23,3.3556,0.250745,FALSE,FALSE,pre,7,fernow_WS-5
205,1994-11-30,9.5823,0.271076,FALSE,FALSE,pre,7,fernow_WS-5
206,1994-12-07,16.3833,0.210084,FALSE,FALSE,pre,7,fernow_WS-5
207,1994-12-14,6.5343,0.21912,FALSE,FALSE,pre,7,fernow_WS-5
208,1994-12-21,4.7367,0.210084,FALSE,FALSE,pre,7,fernow_WS-5
209,1994-12-28,8.5643,0.23945,FALSE,FALSE,pre,7,fernow_WS-5
210,1995-01-04,20.9845,0.230415,FALSE,FALSE,pre,7,fernow_WS-5
211,1995-01-11,15.8716,0.210084,FALSE,FALSE,pre,7,fernow_WS-5
212,1995-01-18,13.5171,0.230415,FALSE,FALSE,pre,7,fernow_WS-5
213,1995-01-25,5.4934,0.230415,FALSE,FALSE,pre,7,fernow_WS-5
214,1995-02-01,4.3448,0.250745,FALSE,FALSE,pre,7,fernow_WS-5
215,1995-02-08,2.8265,0.28011200000000003,FALSE,FALSE,pre,7,fernow_WS-5
216,1995-02-15,34.1151,0.289148,FALSE,FALSE,pre,7,fernow_WS-5
217,1995-02-22,18.2995,0.271076,FALSE,FALSE,pre,7,fernow_WS-5
218,1995-03-01,12.0452,0.23945,FALSE,FALSE,pre,7,fernow_WS-5
219,1995-03-08,12.7778,0.230415,FALSE,FALSE,pre,7,fernow_WS-5
220,1995-03-15,5.8799,0.28011200000000003,FALSE,FALSE,pre,7,fernow_WS-5
221,1995-03-22,9.2073,0.250745,FALSE,FALSE,pre,7,fernow_WS-5
222,1995-03-29,4.1521,0.289148,FALSE,FALSE,pre,7,fernow_WS-5
223,1995-04-05,3.4459,0.28011200000000003,FALSE,FALSE,pre,7,fernow_WS-5
224,1995-04-12,7.7401,0.250745,FALSE,FALSE,pre,7,fernow_WS-5
225,1995-04-19,10.8845,0.300443,FALSE,FALSE,pre,7,fernow_WS-5
226,1995-04-26,11.9537,0.250745,FALSE,FALSE,pre,7,fernow_WS-5
227,1995-05-03,11.1518,0.21912,FALSE,FALSE,pre,7,fernow_WS-5
228,1995-05-10,14.1769,0.259781,FALSE,FALSE,pre,7,fernow_WS-5
229,1995-05-17,28.172,0.320773,FALSE,FALSE,pre,7,fernow_WS-5
230,1995-05-24,2.4562,0.230415,FALSE,FALSE,pre,7,fernow_WS-5
231,1995-05-31,1.2396,0.28011200000000003,FALSE,FALSE,pre,7,fernow_WS-5
232,1995-06-07,0.9494,0.23945,FALSE,FALSE,pre,7,fernow_WS-5
233,1995-06-14,0.5508,0.271076,FALSE,FALSE,pre,7,fernow_WS-5
234,1995-06-21,0.5057,0.23945,FALSE,FALSE,pre,7,fernow_WS-5
235,1995-06-28,0.773,0.289148,FALSE,FALSE,pre,7,fernow_WS-5
236,1995-07-05,0.5183,0.429204,FALSE,FALSE,pre,7,fernow_WS-5
237,1995-07-12,0.8025,0.250745,FALSE,FALSE,pre,7,fernow_WS-5
238,1995-07-19,0.3016,0.230415,FALSE,FALSE,pre,7,fernow_WS-5
239,1995-07-26,0.6032,0.285759,TRUE,FALSE,pre,7,fernow_WS-5
240,1995-08-02,5.6186,0.341104,FALSE,FALSE,pre,7,fernow_WS-5
241,1995-08-09,4.3104,0.320773,FALSE,FALSE,pre,7,fernow_WS-5
242,1995-08-16,1.9403,0.250745,FALSE,FALSE,pre,7,fernow_WS-5
243,1995-08-23,0.3973,0.230415,FALSE,FALSE,pre,7,fernow_WS-5
244,1995-08-30,0.1818,0.250745,FALSE,FALSE,pre,7,fernow_WS-5
245,1995-09-06,0.0734,0.201048,FALSE,FALSE,pre,7,fernow_WS-5
246,1995-09-13,0.2667,0.300443,FALSE,FALSE,pre,7,fernow_WS-5
247,1995-09-20,0.5123,0.271076,FALSE,FALSE,pre,7,fernow_WS-5
248,1995-09-27,0.1023,0.250745,FALSE,FALSE,pre,7,fernow_WS-5
249,1995-10-04,0.4154,0.14005600000000001,FALSE,FALSE,pre,7,fernow_WS-5
250,1995-10-11,1.0294,0.289148,FALSE,FALSE,pre,7,fernow_WS-5
251,1995-10-18,0.3124,0.160387,FALSE,FALSE,pre,7,fernow_WS-5
252,1995-10-25,2.0691,0.250745,FALSE,FALSE,pre,7,fernow_WS-5
253,1995-11-01,1.2907,0.160387,FALSE,FALSE,pre,7,fernow_WS-5
254,1995-11-08,6.4205,0.271076,FALSE,FALSE,pre,7,fernow_WS-5
255,1995-11-15,8.8599,0.341104,FALSE,FALSE,pre,7,fernow_WS-5
256,1995-11-22,21.1091,3.779251,FALSE,FALSE,pre,7,fernow_WS-5
257,1995-11-29,16.3833,0.309478,FALSE,FALSE,pre,7,fernow_WS-5
258,1995-12-06,5.1015,0.300443,FALSE,FALSE,pre,7,fernow_WS-5
259,1995-12-13,23.5485,0.390801,FALSE,FALSE,pre,7,fernow_WS-5
260,1995-12-20,16.1335,0.289148,FALSE,FALSE,pre,7,fernow_WS-5
261,1995-12-27,8.8093,0.390801,FALSE,FALSE,pre,7,fernow_WS-5
262,1996-01-03,20.0911,0.28011200000000003,FALSE,FALSE,pre,7,fernow_WS-5
263,1996-01-10,4.5663,0.271076,FALSE,FALSE,pre,7,fernow_WS-5
264,1996-01-17,74.4238,0.289148,FALSE,FALSE,pre,7,fernow_WS-5
265,1996-01-24,21.9965,0.259781,FALSE,FALSE,pre,7,fernow_WS-5
266,1996-01-31,4.3737,0.269947,TRUE,FALSE,pre,7,fernow_WS-5
267,1996-02-07,28.6608,0.28011200000000003,FALSE,FALSE,pre,7,fernow_WS-5
268,1996-02-14,6.1129,0.420168,FALSE,FALSE,pre,7,fernow_WS-5
269,1996-02-21,26.1354,0.28011200000000003,FALSE,FALSE,pre,7,fernow_WS-5
270,1996-02-28,24.1806,0.250745,FALSE,FALSE,pre,7,fernow_WS-5
271,1996-03-06,26.1811,0.245098,TRUE,FALSE,pre,7,fernow_WS-5
272,1996-03-13,24.6532,0.23945,FALSE,FALSE,pre,7,fernow_WS-5
273,1996-03-20,24.0957,0.289148,FALSE,FALSE,pre,7,fernow_WS-5
274,1996-03-27,15.7861,0.250745,FALSE,FALSE,pre,7,fernow_WS-5
275,1996-04-03,9.1952,0.271076,FALSE,FALSE,pre,7,fernow_WS-5
276,1996-04-10,16.0486,0.359176,FALSE,FALSE,pre,7,fernow_WS-5
277,1996-04-17,16.5705,0.21912,FALSE,FALSE,pre,7,fernow_WS-5
278,1996-04-24,4.6975,0.21912,FALSE,FALSE,pre,7,fernow_WS-5
279,1996-05-01,47.2921,0.289148,FALSE,FALSE,pre,7,fernow_WS-5
280,1996-05-08,47.4895,0.250745,FALSE,FALSE,pre,7,fernow_WS-5
281,1996-05-15,21.7003,0.23945,FALSE,FALSE,pre,7,fernow_WS-5
282,1996-05-22,16.8499,0.28011200000000003,FALSE,FALSE,pre,7,fernow_WS-5
283,1996-05-29,18.6692,0.259781,FALSE,FALSE,pre,7,fernow_WS-5
284,1996-06-05,1.7741,0.169422,FALSE,FALSE,pre,7,fernow_WS-5
285,1996-06-12,0.9951,0.264299,TRUE,FALSE,pre,7,fernow_WS-5
286,1996-06-19,2.337,0.359176,FALSE,FALSE,pre,7,fernow_WS-5
287,1996-06-26,1.1083,0.390801,FALSE,FALSE,pre,7,fernow_WS-5
288,1996-07-03,6.9154,0.399837,FALSE,FALSE,pre,7,fernow_WS-5
289,1996-07-10,4.5494,0.370471,FALSE,FALSE,pre,7,fernow_WS-5
290,1996-07-17,69.3566,0.21912,FALSE,FALSE,pre,7,fernow_WS-5
291,1996-07-24,10.4751,0.28011200000000003,FALSE,FALSE,pre,7,fernow_WS-5
292,1996-07-31,45.6762,0.250745,FALSE,FALSE,pre,7,fernow_WS-5
293,1996-08-07,20.8593,0.21912,FALSE,FALSE,pre,7,fernow_WS-5
294,1996-08-14,7.887,0.23945,FALSE,FALSE,pre,7,fernow_WS-5
295,1996-08-21,1.5189,0.271076,FALSE,FALSE,pre,7,fernow_WS-5
296,1996-08-28,0.6484,0.28011200000000003,FALSE,FALSE,pre,7,fernow_WS-5
297,1996-09-04,8.9333,0.23945,FALSE,FALSE,pre,7,fernow_WS-5
298,1996-09-11,14.9619,0.28011200000000003,FALSE,FALSE,pre,7,fernow_WS-5
299,1996-09-18,11.6526,0.230415,FALSE,FALSE,pre,7,fernow_WS-5
300,1996-09-25,2.1775,0.23945,FALSE,FALSE,pre,7,fernow_WS-5
301,1996-10-02,1.2287,0.230415,FALSE,FALSE,pre,7,fernow_WS-5
302,1996-10-09,1.8133,0.189753,FALSE,FALSE,pre,7,fernow_WS-5
303,1996-10-16,12.3341,0.201048,FALSE,FALSE,pre,7,fernow_WS-5
304,1996-10-23,8.0177,0.14005600000000001,FALSE,FALSE,pre,7,fernow_WS-5
305,1996-10-30,5.2147,0.201048,FALSE,FALSE,pre,7,fernow_WS-5
306,1996-11-06,23.5208,0.320773,FALSE,FALSE,pre,7,fernow_WS-5
307,1996-11-13,7.5228,0.259781,FALSE,FALSE,pre,7,fernow_WS-5
308,1996-11-20,20.5462,0.399837,FALSE,FALSE,pre,7,fernow_WS-5
309,1996-11-27,34.6214,0.259781,FALSE,FALSE,pre,7,fernow_WS-5
310,1996-12-04,7.8479,0.250745,FALSE,FALSE,pre,7,fernow_WS-5
311,1996-12-11,21.5022,0.23945,FALSE,FALSE,pre,7,fernow_WS-5
312,1996-12-18,7.5866,0.271076,FALSE,FALSE,pre,7,fernow_WS-5
313,1996-12-25,14.9451,0.329809,FALSE,FALSE,pre,7,fernow_WS-5
314,1997-01-01,6.8245,0.259781,FALSE,FALSE,pre,7,fernow_WS-5
315,1997-01-08,3.6795,0.390801,FALSE,FALSE,pre,7,fernow_WS-5
316,1997-01-15,4.2882,0.271076,FALSE,FALSE,pre,7,fernow_WS-5
317,1997-01-22,24.4028,0.429204,FALSE,FALSE,pre,7,fernow_WS-5
318,1997-01-29,12.062,0.289148,FALSE,FALSE,pre,7,fernow_WS-5
319,1997-02-05,9.6004,0.390801,FALSE,FALSE,pre,7,fernow_WS-5
320,1997-02-12,5.8456,0.289148,FALSE,FALSE,pre,7,fernow_WS-5
321,1997-02-19,14.4159,0.28011200000000003,FALSE,FALSE,pre,7,fernow_WS-5
322,1997-02-26,39.9661,0.379506,FALSE,FALSE,pre,7,fernow_WS-5
323,1997-03-05,19.7106,0.28011200000000003,FALSE,FALSE,pre,7,fernow_WS-5
324,1997-03-12,9.2073,0.259781,FALSE,FALSE,pre,7,fernow_WS-5
325,1997-03-19,20.1549,0.289148,FALSE,FALSE,pre,7,fernow_WS-5
326,1997-03-26,17.8342,0.289148,FALSE,FALSE,pre,7,fernow_WS-5
327,1997-04-02,9.958,0.259781,FALSE,FALSE,pre,7,fernow_WS-5
328,1997-04-09,3.0378,0.271076,FALSE,FALSE,pre,7,fernow_WS-5
329,1997-04-16,4.1172,0.28011200000000003,FALSE,FALSE,pre,7,fernow_WS-5
330,1997-04-23,8.536,0.300443,FALSE,FALSE,pre,7,fernow_WS-5
331,1997-04-30,11.7369,0.289148,FALSE,FALSE,pre,7,fernow_WS-5
332,1997-05-07,23.1289,0.300443,FALSE,FALSE,pre,7,fernow_WS-5
333,1997-05-14,10.271,0.379506,FALSE,FALSE,pre,7,fernow_WS-5
334,1997-05-21,27.5308,0.359176,FALSE,FALSE,pre,7,fernow_WS-5
335,1997-05-28,6.3868,0.28011200000000003,FALSE,FALSE,pre,7,fernow_WS-5
336,1997-06-04,3.3099,0.289148,FALSE,FALSE,pre,7,fernow_WS-5
337,1997-06-11,1.661,0.309478,FALSE,FALSE,pre,7,fernow_WS-5
338,1997-06-18,0.785,0.289148,FALSE,FALSE,pre,7,fernow_WS-5
339,1997-06-25,8.0749,0.271076,FALSE,FALSE,pre,7,fernow_WS-5
340,1997-07-02,1.8765,0.289148,FALSE,FALSE,pre,7,fernow_WS-5
341,1997-07-09,1.1095,0.390801,FALSE,FALSE,pre,7,fernow_WS-5
342,1997-07-16,0.4431,0.309478,FALSE,FALSE,pre,7,fernow_WS-5
343,1997-07-23,12.8115,0.429204,FALSE,FALSE,pre,7,fernow_WS-5
344,1997-07-30,4.1906,0.309478,FALSE,FALSE,pre,7,fernow_WS-5
345,1997-08-06,0.9042,0.359176,FALSE,FALSE,pre,7,fernow_WS-5
346,1997-08-13,4.7252,0.411132,FALSE,FALSE,pre,7,fernow_WS-5
347,1997-08-20,19.7504,0.289148,FALSE,FALSE,pre,7,fernow_WS-5
348,1997-08-27,1.6658,0.271076,FALSE,FALSE,pre,7,fernow_WS-5
349,1997-09-03,0.6929,0.300443,FALSE,FALSE,pre,7,fernow_WS-5
350,1997-09-10,0.6989,0.28011200000000003,FALSE,FALSE,pre,7,fernow_WS-5
351,1997-09-17,1.3136,0.359176,FALSE,FALSE,pre,7,fernow_WS-5
352,1997-09-24,14.018,0.359176,FALSE,FALSE,pre,7,fernow_WS-5
353,1997-10-01,3.6687,0.259781,FALSE,FALSE,pre,7,fernow_WS-5
354,1997-10-08,0.9777,0.210084,FALSE,FALSE,pre,7,fernow_WS-5
355,1997-10-15,0.5978,0.169422,FALSE,FALSE,pre,7,fernow_WS-5
356,1997-10-22,0.6532,0.110689,FALSE,FALSE,pre,7,fernow_WS-5
357,1997-10-29,4.8848,0.259781,FALSE,FALSE,pre,7,fernow_WS-5
358,1997-11-05,28.104,0.300443,FALSE,FALSE,pre,7,fernow_WS-5
359,1997-11-12,14.0408,0.23945,FALSE,FALSE,pre,7,fernow_WS-5
360,1997-11-19,15.5194,0.259781,FALSE,FALSE,pre,7,fernow_WS-5
361,1997-11-26,12.4148,0.289148,FALSE,FALSE,pre,7,fernow_WS-5
362,1997-12-03,8.6949,0.28011200000000003,FALSE,FALSE,pre,7,fernow_WS-5
363,1997-12-10,16.0877,0.28011200000000003,FALSE,FALSE,pre,7,fernow_WS-5
364,1997-12-17,3.7596,0.309478,FALSE,FALSE,pre,7,fernow_WS-5
365,1997-12-24,10.2927,0.309478,FALSE,FALSE,pre,7,fernow_WS-5
366,1997-12-31,18.0105,0.341104,FALSE,FALSE,pre,7,fernow_WS-5
367,1998-01-07,43.686,0.309478,FALSE,FALSE,pre,7,fernow_WS-5
368,1998-01-14,10.4745,0.320773,FALSE,FALSE,pre,7,fernow_WS-5
369,1998-01-21,19.8985,0.28011200000000003,FALSE,FALSE,pre,7,fernow_WS-5
370,1998-01-28,8.3494,0.28011200000000003,FALSE,FALSE,pre,7,fernow_WS-5
371,1998-02-04,9.3945,0.271076,FALSE,FALSE,pre,7,fernow_WS-5
372,1998-02-11,20.1718,0.300443,FALSE,FALSE,pre,7,fernow_WS-5
373,1998-02-18,24.3799,0.28011200000000003,FALSE,FALSE,pre,7,fernow_WS-5
374,1998-02-25,24.7555,0.289148,FALSE,FALSE,pre,7,fernow_WS-5
375,1998-03-04,13.1884,0.309478,FALSE,FALSE,pre,7,fernow_WS-5
376,1998-03-11,9.4294,0.28011200000000003,FALSE,FALSE,pre,7,fernow_WS-5
377,1998-03-18,38.1757,0.499232,FALSE,FALSE,pre,7,fernow_WS-5
378,1998-03-25,9.8544,0.271076,FALSE,FALSE,pre,7,fernow_WS-5
379,1998-04-01,15.0757,0.271076,FALSE,FALSE,pre,7,fernow_WS-5
380,1998-04-08,21.1784,0.28011200000000003,FALSE,FALSE,pre,7,fernow_WS-5
381,1998-04-15,27.166,0.320773,FALSE,FALSE,pre,7,fernow_WS-5
382,1998-04-22,11.5846,0.28011200000000003,FALSE,FALSE,pre,7,fernow_WS-5
383,1998-04-29,20.0123,0.309478,FALSE,FALSE,pre,7,fernow_WS-5
384,1998-05-06,13.723,0.370471,FALSE,FALSE,pre,7,fernow_WS-5
385,1998-05-13,7.2682,0.28011200000000003,FALSE,FALSE,pre,7,fernow_WS-5
386,1998-05-20,1.723,0.28011200000000003,FALSE,FALSE,pre,7,fernow_WS-5
387,1998-05-27,0.9102,2.089544,FALSE,FALSE,pre,7,fernow_WS-5
388,1998-06-03,0.7339,0.28011200000000003,FALSE,FALSE,pre,7,fernow_WS-5
389,1998-06-10,22.4805,0.390801,FALSE,FALSE,pre,7,fernow_WS-5
390,1998-06-17,26.1992,0.289148,FALSE,FALSE,pre,7,fernow_WS-5
391,1998-06-24,22.4053,0.341104,FALSE,FALSE,pre,7,fernow_WS-5
392,1998-07-01,7.4494,0.289148,FALSE,FALSE,pre,7,fernow_WS-5
393,1998-07-08,5.0551,0.309478,FALSE,FALSE,pre,7,fernow_WS-5
394,1998-07-15,1.3082,0.309478,FALSE,FALSE,pre,7,fernow_WS-5
395,1998-07-22,1.245,0.341104,FALSE,FALSE,pre,7,fernow_WS-5
396,1998-07-29,1.8488,0.370471,FALSE,FALSE,pre,7,fernow_WS-5
397,1998-08-05,6.3862,0.72061,FALSE,FALSE,pre,7,fernow_WS-5
398,1998-08-12,4.7824,0.72061,FALSE,FALSE,pre,7,fernow_WS-5
399,1998-08-19,4.1467,0.359176,FALSE,FALSE,pre,7,fernow_WS-5
400,1998-08-26,0.6598,0.300443,FALSE,FALSE,pre,7,fernow_WS-5
401,1998-09-02,0.8025,0.840336,FALSE,FALSE,pre,7,fernow_WS-5
402,1998-09-09,0.3973,0.370471,FALSE,FALSE,pre,7,fernow_WS-5
403,1998-09-16,0.5129,0.320773,FALSE,FALSE,pre,7,fernow_WS-5
404,1998-09-23,0.3805,0.309478,FALSE,FALSE,pre,7,fernow_WS-5
405,1998-09-30,0.3522,0.399837,FALSE,FALSE,pre,7,fernow_WS-5
406,1998-10-07,1.1547,0.600885,FALSE,FALSE,pre,7,fernow_WS-5
407,1998-10-14,0.4202,0.329809,FALSE,FALSE,pre,7,fernow_WS-5
408,1998-10-21,0.5226,0.379506,FALSE,FALSE,pre,7,fernow_WS-5
409,1998-10-28,0.3979,0.201048,FALSE,FALSE,pre,7,fernow_WS-5
410,1998-11-04,0.5346,0.35014,FALSE,FALSE,pre,7,fernow_WS-5
411,1998-11-11,0.6935,0.56926,FALSE,FALSE,pre,7,fernow_WS-5
412,1998-11-18,0.4256,0.379506,FALSE,FALSE,pre,7,fernow_WS-5
413,1998-11-25,1.148,0.539893,FALSE,FALSE,pre,7,fernow_WS-5
414,1998-12-02,1.0463,0.490196,FALSE,FALSE,pre,7,fernow_WS-5
415,1998-12-09,2.5188,0.670913,FALSE,FALSE,pre,7,fernow_WS-5
416,1998-12-16,3.213,1.050419,FALSE,FALSE,pre,7,fernow_WS-5
417,1998-12-23,4.4128,0.618957,FALSE,FALSE,pre,7,fernow_WS-5
418,1998-12-30,3.9125,0.618957,FALSE,FALSE,pre,7,fernow_WS-5
419,1999-01-06,19.4379,0.790638,FALSE,FALSE,pre,7,fernow_WS-5
420,1999-01-13,41.3201,0.849371,FALSE,FALSE,pre,7,fernow_WS-5
421,1999-01-20,35.6852,0.820005,FALSE,FALSE,pre,7,fernow_WS-5
422,1999-01-27,7.4554,0.670913,FALSE,FALSE,pre,7,fernow_WS-5
423,1999-02-03,18.6637,0.840336,FALSE,FALSE,pre,7,fernow_WS-5
424,1999-02-10,7.7462,0.639288,FALSE,FALSE,pre,7,fernow_WS-5
425,1999-02-17,6.4602,0.618957,FALSE,FALSE,pre,7,fernow_WS-5
426,1999-02-24,10.9639,0.72061,FALSE,FALSE,pre,7,fernow_WS-5
427,1999-03-03,25.9885,0.679949,FALSE,FALSE,pre,7,fernow_WS-5
428,1999-03-10,6.261,0.609921,FALSE,FALSE,pre,7,fernow_WS-5
429,1999-03-17,38.5905,0.820005,FALSE,FALSE,pre,7,fernow_WS-5
430,1999-03-24,18.9599,0.880997,FALSE,FALSE,pre,7,fernow_WS-5
431,1999-03-31,7.1363,0.70028,FALSE,FALSE,pre,7,fernow_WS-5
432,1999-04-07,10.6346,0.709316,FALSE,FALSE,pre,7,fernow_WS-5
433,1999-04-14,8.5926,0.639288,FALSE,FALSE,pre,7,fernow_WS-5
434,1999-04-21,18.4019,0.688985,FALSE,FALSE,pre,7,fernow_WS-5
435,1999-04-28,3.8951,0.548929,FALSE,FALSE,pre,7,fernow_WS-5
436,1999-05-05,1.5984,0.449534,FALSE,FALSE,pre,7,fernow_WS-5
437,1999-05-12,1.2685,0.440498,FALSE,FALSE,pre,7,fernow_WS-5
438,1999-05-19,20.2338,0.799674,FALSE,FALSE,pre,7,fernow_WS-5
439,1999-05-26,4.4417,0.510526,FALSE,FALSE,pre,7,fernow_WS-5
440,1999-06-02,1.1486,0.411132,FALSE,FALSE,pre,7,fernow_WS-5
441,1999-06-09,0.5972,0.28011200000000003,FALSE,FALSE,pre,7,fernow_WS-5
442,1999-06-16,0.4437,0.370471,FALSE,FALSE,pre,7,fernow_WS-5
443,1999-06-23,0.2848,0.370471,FALSE,FALSE,pre,7,fernow_WS-5
444,1999-06-30,0.4503,0.329809,FALSE,FALSE,pre,7,fernow_WS-5
445,1999-07-07,0.1421,0.28011200000000003,FALSE,FALSE,pre,7,fernow_WS-5
446,1999-07-14,0.10780000000000001,0.28011200000000003,FALSE,FALSE,pre,7,fernow_WS-5
447,1999-07-21,0.1017,0.336586,TRUE,FALSE,pre,7,fernow_WS-5
448,1999-07-28,0.5797,0.39306,TRUE,FALSE,pre,7,fernow_WS-5
449,1999-08-04,0.2774,0.449534,FALSE,FALSE,pre,7,fernow_WS-5
450,1999-08-11,0.1138,0.550905,TRUE,FALSE,pre,7,fernow_WS-5
451,1999-08-18,0.0379,0.652277,TRUE,FALSE,pre,7,fernow_WS-5
452,1999-08-25,0.0787,0.753648,TRUE,FALSE,pre,7,fernow_WS-5
453,1999-09-01,0.2121,0.855019,TRUE,FALSE,pre,7,fernow_WS-5
454,1999-09-08,0.059,0.95639,TRUE,FALSE,pre,7,fernow_WS-5
455,1999-09-15,0.0583,1.057761,TRUE,FALSE,pre,7,fernow_WS-5
456,1999-09-22,0.0379,1.159132,TRUE,FALSE,pre,7,fernow_WS-5
457,1999-09-29,0.9685,1.260503,FALSE,FALSE,pre,7,fernow_WS-5
458,1999-10-06,3.4068,1.009758,FALSE,FALSE,pre,7,fernow_WS-5
459,1999-10-13,1.1769,0.618957,FALSE,FALSE,pre,7,fernow_WS-5
460,1999-10-20,0.5394,0.510526,FALSE,FALSE,pre,7,fernow_WS-5
461,1999-10-27,0.9434,0.519562,FALSE,FALSE,pre,7,fernow_WS-5
462,1999-11-03,5.1978,0.600885,FALSE,FALSE,pre,7,fernow_WS-5
463,1999-11-10,1.3028,0.510526,FALSE,FALSE,pre,7,fernow_WS-5
464,1999-11-17,0.6153,0.499232,FALSE,FALSE,pre,7,fernow_WS-5
465,1999-11-24,7.9436,0.670913,FALSE,FALSE,pre,7,fernow_WS-5
466,1999-12-01,4.0883,0.639288,FALSE,FALSE,pre,7,fernow_WS-5
467,1999-12-08,27.4165,0.659618,FALSE,FALSE,pre,7,fernow_WS-5
468,1999-12-15,14.2636,0.56926,FALSE,FALSE,pre,7,fernow_WS-5
469,1999-12-22,3.1221,0.56926,FALSE,FALSE,pre,7,fernow_WS-5
470,1999-12-29,4.243,0.548929,FALSE,FALSE,pre,7,fernow_WS-5
471,2000-01-05,9.1609,0.56022400000000006,FALSE,FALSE,pre,7,fernow_WS-5
472,2000-01-12,8.353,0.56926,FALSE,FALSE,pre,7,fernow_WS-5
473,2000-01-19,3.8944,0.519562,FALSE,FALSE,pre,7,fernow_WS-5
474,2000-01-26,1.8885,0.539893,FALSE,FALSE,pre,7,fernow_WS-5
475,2000-02-02,1.7868,0.548929,FALSE,FALSE,pre,7,fernow_WS-5
476,2000-02-09,35.2698,0.729646,FALSE,FALSE,pre,7,fernow_WS-5
477,2000-02-16,53.4898,0.58959,FALSE,FALSE,pre,7,fernow_WS-5
478,2000-02-23,8.5703,0.530857,FALSE,FALSE,pre,7,fernow_WS-5
479,2000-03-01,6.0057,0.490196,FALSE,FALSE,pre,7,fernow_WS-5
480,2000-03-08,15.5934,0.539893,FALSE,FALSE,pre,7,fernow_WS-5
481,2000-03-15,11.6069,0.490196,FALSE,FALSE,pre,7,fernow_WS-5
482,2000-03-22,13.6941,0.460829,FALSE,FALSE,pre,7,fernow_WS-5
483,2000-03-29,18.0449,0.56022400000000006,FALSE,FALSE,pre,7,fernow_WS-5
484,2000-04-05,20.7678,0.460829,FALSE,FALSE,pre,7,fernow_WS-5
485,2000-04-12,13.6146,0.469865,FALSE,FALSE,pre,7,fernow_WS-5
486,2000-04-19,18.4199,0.429204,FALSE,FALSE,pre,7,fernow_WS-5
487,2000-04-26,6.3748,0.411132,FALSE,FALSE,pre,7,fernow_WS-5
488,2000-05-03,7.1995,0.370471,FALSE,FALSE,pre,7,fernow_WS-5
489,2000-05-10,1.8422,0.35014,FALSE,FALSE,pre,7,fernow_WS-5
490,2000-05-17,4.0714,0.429204,FALSE,FALSE,pre,7,fernow_WS-5
491,2000-05-24,22.1103,0.449534,FALSE,FALSE,pre,7,fernow_WS-5
492,2000-05-31,4.3442,0.289148,FALSE,FALSE,pre,7,fernow_WS-5
493,2000-06-07,2.0186,0.289148,FALSE,FALSE,pre,7,fernow_WS-5
494,2000-06-14,4.5609,0.530857,FALSE,FALSE,pre,7,fernow_WS-5
495,2000-06-21,8.598,0.420168,FALSE,FALSE,pre,7,fernow_WS-5
496,2000-06-28,2.2299,0.411132,FALSE,FALSE,pre,7,fernow_WS-5
497,2000-07-05,1.5466,0.390801,FALSE,FALSE,pre,7,fernow_WS-5
498,2000-07-12,1.319,0.379506,FALSE,FALSE,pre,7,fernow_WS-5
499,2000-07-19,6.8293,0.440498,FALSE,FALSE,pre,7,fernow_WS-5
500,2000-07-26,2.9631,0.490196,FALSE,FALSE,pre,7,fernow_WS-5
501,2000-08-02,2.0246,0.399837,FALSE,FALSE,pre,7,fernow_WS-5
502,2000-08-09,0.7682,0.341104,FALSE,FALSE,pre,7,fernow_WS-5
503,2000-08-16,1.4334,0.429204,FALSE,FALSE,pre,7,fernow_WS-5
504,2000-08-23,2.3485,0.440498,FALSE,FALSE,pre,7,fernow_WS-5
505,2000-08-30,0.6086,0.320773,FALSE,FALSE,pre,7,fernow_WS-5
506,2000-09-06,0.4599,0.320773,FALSE,FALSE,pre,7,fernow_WS-5
507,2000-09-13,0.4943,0.359176,FALSE,FALSE,pre,7,fernow_WS-5
508,2000-09-20,9.9519,0.709316,FALSE,FALSE,pre,7,fernow_WS-5
509,2000-09-27,4.703,0.460829,FALSE,FALSE,pre,7,fernow_WS-5
510,2000-10-04,0.9945,0.309478,FALSE,FALSE,pre,7,fernow_WS-5
511,2000-10-11,0.546,0.289148,FALSE,FALSE,pre,7,fernow_WS-5
512,2000-10-18,1.7808,0.309478,FALSE,FALSE,pre,7,fernow_WS-5
513,2000-10-25,0.8127,0.320773,FALSE,FALSE,pre,7,fernow_WS-5
514,2000-11-01,0.6436,0.379506,FALSE,FALSE,pre,7,fernow_WS-5
515,2000-11-08,4.9305,0.460829,FALSE,FALSE,pre,7,fernow_WS-5
516,2000-11-15,3.0029,0.490196,FALSE,FALSE,pre,7,fernow_WS-5
517,2000-11-22,3.2358,0.510526,FALSE,FALSE,pre,7,fernow_WS-5
518,2000-11-29,8.536,0.530857,FALSE,FALSE,pre,7,fernow_WS-5
519,2000-12-06,3.0829,0.510526,FALSE,FALSE,pre,7,fernow_WS-5
520,2000-12-13,23.805,0.548929,FALSE,FALSE,pre,7,fernow_WS-5
521,2000-12-20,5.7553,0.530857,FALSE,FALSE,pre,7,fernow_WS-5
522,2000-12-27,2.3364,0.519562,FALSE,FALSE,pre,7,fernow_WS-5
523,2001-01-03,1.3876,0.530857,FALSE,FALSE,pre,7,fernow_WS-5
524,2001-01-10,2.0932,0.56926,FALSE,FALSE,pre,7,fernow_WS-5
525,2001-01-17,18.7552,0.580554,FALSE,FALSE,pre,7,fernow_WS-5
526,2001-01-24,15.9685,0.869702,FALSE,FALSE,pre,7,fernow_WS-5
527,2001-01-31,19.1478,0.519562,FALSE,FALSE,pre,7,fernow_WS-5
528,2001-02-07,19.7167,0.548929,FALSE,FALSE,pre,7,fernow_WS-5
529,2001-02-14,26.7512,0.539893,FALSE,FALSE,pre,7,fernow_WS-5
530,2001-02-21,5.9371,0.499232,FALSE,FALSE,pre,7,fernow_WS-5
531,2001-02-28,7.9442,0.56926,FALSE,FALSE,pre,7,fernow_WS-5
532,2001-03-07,17.4705,0.729646,FALSE,FALSE,pre,7,fernow_WS-5
533,2001-03-14,22.1675,0.519562,FALSE,FALSE,pre,7,fernow_WS-5
534,2001-03-21,9.793,0.490196,FALSE,FALSE,pre,7,fernow_WS-5
535,2001-03-28,10.7021,0.519562,FALSE,FALSE,pre,7,fernow_WS-5
536,2001-04-04,17.2701,0.519562,FALSE,FALSE,pre,7,fernow_WS-5
537,2001-04-11,22.5142,0.519562,FALSE,FALSE,pre,7,fernow_WS-5
538,2001-04-18,7.512,0.460829,FALSE,FALSE,pre,7,fernow_WS-5
539,2001-04-25,2.8144,0.420168,FALSE,FALSE,pre,7,fernow_WS-5
540,2001-05-02,1.7007,0.390801,FALSE,FALSE,pre,7,fernow_WS-5
541,2001-05-09,1.0866,0.390801,FALSE,FALSE,pre,7,fernow_WS-5
542,2001-05-16,25.0337,0.499232,FALSE,FALSE,pre,7,fernow_WS-5
543,2001-05-23,24.4473,0.478901,FALSE,FALSE,pre,7,fernow_WS-5
544,2001-05-30,5.5337,0.519562,FALSE,FALSE,pre,7,fernow_WS-5
545,2001-06-06,12.1872,0.390801,FALSE,FALSE,pre,7,fernow_WS-5
546,2001-06-13,6.5054,0.440498,FALSE,FALSE,pre,7,fernow_WS-5
547,2001-06-20,13.431,0.449534,FALSE,FALSE,pre,7,fernow_WS-5
548,2001-06-27,6.2899,0.490196,FALSE,FALSE,pre,7,fernow_WS-5
549,2001-07-04,20.5866,0.460829,FALSE,FALSE,pre,7,fernow_WS-5
550,2001-07-11,9.4517,0.370471,FALSE,FALSE,pre,7,fernow_WS-5
551,2001-07-18,16.9119,0.370471,FALSE,FALSE,pre,7,fernow_WS-5
552,2001-07-25,38.8295,0.411132,FALSE,FALSE,pre,7,fernow_WS-5
553,2001-08-01,3.458,0.329809,FALSE,FALSE,pre,7,fernow_WS-5
554,2001-08-08,2.8379,0.399837,FALSE,FALSE,pre,7,fernow_WS-5
555,2001-08-15,1.1258,0.329809,FALSE,FALSE,pre,7,fernow_WS-5
556,2001-08-22,4.225,0.499232,FALSE,FALSE,pre,7,fernow_WS-5
557,2001-08-29,2.5646,0.359176,FALSE,FALSE,pre,7,fernow_WS-5
558,2001-09-05,0.6652,0.300443,FALSE,FALSE,pre,7,fernow_WS-5
559,2001-09-12,0.3076,0.429204,FALSE,FALSE,pre,7,fernow_WS-5
560,2001-09-19,0.9048,0.449534,FALSE,FALSE,pre,7,fernow_WS-5
561,2001-09-26,0.4377,0.370471,FALSE,FALSE,pre,7,fernow_WS-5
562,2001-10-03,0.1818,0.359176,FALSE,FALSE,pre,7,fernow_WS-5
563,2001-10-10,0.369,0.250745,FALSE,FALSE,pre,7,fernow_WS-5
564,2001-10-17,0.2384,0.23945,FALSE,FALSE,pre,7,fernow_WS-5
565,2001-10-24,0.2113,0.21912,FALSE,FALSE,pre,7,fernow_WS-5
566,2001-10-31,0.2101,0.250745,FALSE,FALSE,pre,7,fernow_WS-5
567,2001-11-07,0.1764,0.329809,FALSE,FALSE,pre,7,fernow_WS-5
568,2001-11-14,0.1469,0.309478,FALSE,FALSE,pre,7,fernow_WS-5
569,2001-11-21,0.478,0.390801,FALSE,FALSE,pre,7,fernow_WS-5
570,2001-11-28,0.4154,0.411132,FALSE,FALSE,pre,7,fernow_WS-5
571,2001-12-05,2.6043,0.510526,FALSE,FALSE,pre,7,fernow_WS-5
572,2001-12-12,5.4537,0.639288,FALSE,FALSE,pre,7,fernow_WS-5
573,2001-12-19,9.07,0.490196,FALSE,FALSE,pre,7,fernow_WS-5
574,2001-12-26,4.1058,0.460829,FALSE,FALSE,pre,7,fernow_WS-5
575,2002-01-02,1.7055,0.460829,FALSE,FALSE,pre,7,fernow_WS-5
576,2002-01-09,13.4033,0.490196,FALSE,FALSE,pre,7,fernow_WS-5
577,2002-01-16,5.6873,0.469865,FALSE,FALSE,pre,7,fernow_WS-5
578,2002-01-23,36.481,0.469865,FALSE,FALSE,pre,7,fernow_WS-5
579,2002-01-30,7.689,0.469865,FALSE,FALSE,pre,7,fernow_WS-5
580,2002-02-06,7.5354,0.449534,FALSE,FALSE,pre,7,fernow_WS-5
581,2002-02-13,7.0231,0.460829,FALSE,FALSE,pre,7,fernow_WS-5
582,2002-02-20,8.4391,0.449534,FALSE,FALSE,pre,7,fernow_WS-5
583,2002-02-27,9.1392,0.460829,FALSE,FALSE,pre,7,fernow_WS-5
584,2002-03-06,5.8408,0.440498,FALSE,FALSE,pre,7,fernow_WS-5
585,2002-03-13,9.008,0.478901,FALSE,FALSE,pre,7,fernow_WS-5
586,2002-03-20,41.1208,0.469865,FALSE,FALSE,pre,7,fernow_WS-5
587,2002-03-27,17.4693,0.478901,FALSE,FALSE,pre,7,fernow_WS-5
588,2002-04-03,6.2724,0.420168,FALSE,FALSE,pre,7,fernow_WS-5
589,2002-04-10,20.2115,0.510526,FALSE,FALSE,pre,7,fernow_WS-5
590,2002-04-17,37.2263,0.510526,FALSE,FALSE,pre,7,fernow_WS-5
591,2002-04-24,32.0502,0.490196,FALSE,FALSE,pre,7,fernow_WS-5
592,2002-05-01,17.4465,0.399837,FALSE,FALSE,pre,7,fernow_WS-5
593,2002-05-08,16.3556,0.411132,FALSE,FALSE,pre,7,fernow_WS-5
594,2002-05-15,19.7335,0.429204,FALSE,FALSE,pre,7,fernow_WS-5
595,2002-05-22,4.1461,0.399837,FALSE,FALSE,pre,7,fernow_WS-5
596,2002-05-29,11.2944,0.530857,FALSE,FALSE,pre,7,fernow_WS-5
597,2002-06-05,13.1252,0.379506,FALSE,FALSE,pre,7,fernow_WS-5
598,2002-06-12,1.9614,0.390801,FALSE,FALSE,pre,7,fernow_WS-5
599,2002-06-19,0.6424,0.411132,FALSE,FALSE,pre,7,fernow_WS-5
600,2002-06-26,0.5226,0.35014,FALSE,FALSE,pre,7,fernow_WS-5
601,2002-07-03,0.2113,0.35014,TRUE,FALSE,pre,7,fernow_WS-5
602,2002-07-10,1.4382,0.35014,FALSE,FALSE,pre,7,fernow_WS-5
603,2002-07-17,0.9048,0.359176,FALSE,FALSE,pre,7,fernow_WS-5
604,2002-07-24,3.9125,0.390801,FALSE,FALSE,pre,7,fernow_WS-5
605,2002-07-31,0.6303,0.259781,FALSE,FALSE,pre,7,fernow_WS-5
606,2002-08-07,0.1252,0.289148,FALSE,FALSE,pre,7,fernow_WS-5
607,2002-08-14,4.0889,0.639288,FALSE,FALSE,pre,7,fernow_WS-5
608,2002-08-21,1.3588,0.309478,FALSE,FALSE,pre,7,fernow_WS-5
609,2002-08-28,0.2673,0.28011200000000003,FALSE,FALSE,pre,7,fernow_WS-5
610,2002-09-04,0.1589,0.302702,TRUE,FALSE,pre,7,fernow_WS-5
611,2002-09-11,0.2047,0.325291,TRUE,FALSE,pre,7,fernow_WS-5
612,2002-09-18,0.4774,0.347881,TRUE,FALSE,pre,7,fernow_WS-5
613,2002-09-25,1.717,0.370471,FALSE,FALSE,pre,7,fernow_WS-5
614,2002-10-02,0.3642,0.28011200000000003,FALSE,FALSE,pre,7,fernow_WS-5
615,2002-10-09,2.7133,0.469865,FALSE,FALSE,pre,7,fernow_WS-5
616,2002-10-16,8.6895,0.411132,FALSE,FALSE,pre,7,fernow_WS-5
617,2002-10-23,4.526,0.35014,FALSE,FALSE,pre,7,fernow_WS-5
618,2002-10-30,11.926,0.320773,FALSE,FALSE,pre,7,fernow_WS-5
619,2002-11-06,17.8053,0.300443,FALSE,FALSE,pre,7,fernow_WS-5
620,2002-11-13,18.863,0.399837,FALSE,FALSE,pre,7,fernow_WS-5
621,2002-11-20,14.7067,0.411132,FALSE,FALSE,pre,7,fernow_WS-5
622,2002-11-27,11.3456,0.390801,FALSE,FALSE,pre,7,fernow_WS-5
623,2002-12-04,4.3953,0.429204,FALSE,FALSE,pre,7,fernow_WS-5
624,2002-12-11,14.7512,0.390801,FALSE,FALSE,pre,7,fernow_WS-5
625,2002-12-18,27.0571,0.390801,FALSE,FALSE,pre,7,fernow_WS-5
626,2002-12-25,8.7684,0.390801,FALSE,FALSE,pre,7,fernow_WS-5
627,2003-01-01,18.0563,0.379506,FALSE,FALSE,pre,7,fernow_WS-5
628,2003-01-08,6.8642,0.359176,FALSE,FALSE,pre,7,fernow_WS-5
629,2003-01-15,3.3556,0.411132,FALSE,FALSE,pre,7,fernow_WS-5
630,2003-01-22,1.8994,0.440498,FALSE,FALSE,pre,7,fernow_WS-5
631,2003-01-29,10.8267,0.609921,FALSE,FALSE,pre,7,fernow_WS-5
632,2003-02-05,11.9254,0.390801,FALSE,FALSE,pre,7,fernow_WS-5
633,2003-02-12,3.2419,0.410567,TRUE,FALSE,pre,7,fernow_WS-5
634,2003-02-19,34.7189,0.430333,FALSE,FALSE,pre,7,fernow_WS-5
635,2003-02-26,12.1583,0.370471,FALSE,FALSE,pre,7,fernow_WS-5
636,2003-03-05,37.4653,0.370471,FALSE,FALSE,pre,7,fernow_WS-5
637,2003-03-12,47.5142,0.370471,FALSE,FALSE,pre,7,fernow_WS-5
638,2003-03-19,8.5246,0.341104,FALSE,FALSE,pre,7,fernow_WS-5
639,2003-03-26,5.9546,0.359176,FALSE,FALSE,pre,7,fernow_WS-5
640,2003-04-02,24.9933,0.35014,FALSE,FALSE,pre,7,fernow_WS-5
641,2003-04-09,28.644,0.309478,FALSE,FALSE,pre,7,fernow_WS-5
642,2003-04-16,5.181,0.320773,FALSE,FALSE,pre,7,fernow_WS-5
643,2003-04-23,5.9148,0.300443,FALSE,FALSE,pre,7,fernow_WS-5
644,2003-04-30,9.7533,0.289148,FALSE,FALSE,pre,7,fernow_WS-5
645,2003-05-07,35.1789,0.329809,FALSE,FALSE,pre,7,fernow_WS-5
646,2003-05-14,9.9291,0.320773,FALSE,FALSE,pre,7,fernow_WS-5
647,2003-05-21,4.8673,0.320773,FALSE,FALSE,pre,7,fernow_WS-5
648,2003-05-28,18.6469,0.320773,FALSE,FALSE,pre,7,fernow_WS-5
649,2003-06-04,16.9636,0.309478,FALSE,FALSE,pre,7,fernow_WS-5
650,2003-06-11,5.1123,0.300443,FALSE,FALSE,pre,7,fernow_WS-5
651,2003-06-18,12.6586,0.309478,FALSE,FALSE,pre,7,fernow_WS-5
652,2003-06-25,1.9397,0.309478,FALSE,FALSE,pre,7,fernow_WS-5
653,2003-07-02,1.8319,0.469865,FALSE,FALSE,pre,7,fernow_WS-5
654,2003-07-09,7.9785,0.329809,FALSE,FALSE,pre,7,fernow_WS-5
655,2003-07-16,1.6092,0.309478,FALSE,FALSE,pre,7,fernow_WS-5
656,2003-07-23,1.6887,0.390801,FALSE,FALSE,pre,7,fernow_WS-5
657,2003-07-30,0.7736,0.309478,FALSE,FALSE,pre,7,fernow_WS-5
658,2003-08-06,2.7013,0.370471,FALSE,FALSE,pre,7,fernow_WS-5
659,2003-08-13,1.2516,0.28011200000000003,FALSE,FALSE,pre,7,fernow_WS-5
660,2003-08-20,0.5171,0.271076,FALSE,FALSE,pre,7,fernow_WS-5
661,2003-08-27,2.6663,0.379506,FALSE,FALSE,pre,7,fernow_WS-5
662,2003-09-03,7.5457,0.329809,FALSE,FALSE,pre,7,fernow_WS-5
663,2003-09-10,1.1998,0.289148,FALSE,FALSE,pre,7,fernow_WS-5
664,2003-09-17,23.6527,0.35014,FALSE,FALSE,pre,7,fernow_WS-5
665,2003-09-24,8.0411,0.359176,FALSE,FALSE,pre,7,fernow_WS-5
666,2003-10-01,8.1025,0.329809,FALSE,FALSE,pre,7,fernow_WS-5
667,2003-10-08,2.7753,0.259781,FALSE,FALSE,pre,7,fernow_WS-5
668,2003-10-15,5.7553,0.201048,FALSE,FALSE,pre,7,fernow_WS-5
669,2003-10-22,3.5314,0.23945,FALSE,FALSE,pre,7,fernow_WS-5
670,2003-10-29,6.3693,0.28011200000000003,FALSE,FALSE,pre,7,fernow_WS-5
671,2003-11-05,14.7067,0.329809,FALSE,FALSE,pre,7,fernow_WS-5
672,2003-11-12,27.1034,0.370471,FALSE,FALSE,pre,7,fernow_WS-5
673,2003-11-19,21.1958,0.379506,FALSE,FALSE,pre,7,fernow_WS-5
674,2003-11-26,14.5803,0.359176,FALSE,FALSE,pre,7,fernow_WS-5
675,2003-12-03,6.432,0.35014,FALSE,FALSE,pre,7,fernow_WS-5
676,2003-12-10,14.5188,0.379506,FALSE,FALSE,pre,7,fernow_WS-5
677,2003-12-17,9.7304,0.460829,FALSE,FALSE,pre,7,fernow_WS-5
678,2003-12-24,26.3527,0.478901,FALSE,FALSE,pre,7,fernow_WS-5
679,2003-12-31,37.2251,0.440498,FALSE,FALSE,pre,7,fernow_WS-5
680,2004-01-07,8.5535,0.429204,FALSE,FALSE,pre,7,fernow_WS-5
681,2004-01-14,4.6921,0.390801,FALSE,FALSE,pre,7,fernow_WS-5
682,2004-01-21,5.2996,0.585072,TRUE,FALSE,pre,7,fernow_WS-5
683,2004-01-28,4.7373,0.779343,FALSE,FALSE,pre,7,fernow_WS-5
684,2004-02-04,48.6279,0.449534,FALSE,FALSE,pre,7,fernow_WS-5
685,2004-02-11,5.8456,0.429204,FALSE,FALSE,pre,7,fernow_WS-5
686,2004-02-18,11.2824,0.399837,FALSE,FALSE,pre,7,fernow_WS-5
687,2004-02-25,10.4468,0.499232,FALSE,FALSE,pre,7,fernow_WS-5
688,2004-03-03,43.4018,0.460829,FALSE,FALSE,pre,7,fernow_WS-5
689,2004-03-10,11.1451,0.390801,FALSE,FALSE,pre,7,fernow_WS-5
690,2004-03-17,27.6717,0.429204,FALSE,FALSE,pre,7,fernow_WS-5
691,2004-03-24,6.9665,0.390801,FALSE,FALSE,pre,7,fernow_WS-5
692,2004-03-31,17.4248,0.449534,FALSE,FALSE,pre,7,fernow_WS-5
693,2004-04-07,35.0482,0.420168,FALSE,FALSE,pre,7,fernow_WS-5
694,2004-04-14,19.8136,0.390801,FALSE,FALSE,pre,7,fernow_WS-5
695,2004-04-21,14.3762,0.469865,FALSE,FALSE,pre,7,fernow_WS-5
696,2004-04-28,8.5926,0.390801,FALSE,FALSE,pre,7,fernow_WS-5
697,2004-05-05,4.2539,0.359176,FALSE,FALSE,pre,7,fernow_WS-5
698,2004-05-12,4.1341,0.359176,FALSE,FALSE,pre,7,fernow_WS-5
699,2004-05-19,21.3259,0.399837,FALSE,FALSE,pre,7,fernow_WS-5
700,2004-05-26,21.9863,0.379506,FALSE,FALSE,pre,7,fernow_WS-5
701,2004-06-02,2.5303,0.370471,FALSE,FALSE,pre,7,fernow_WS-5
702,2004-06-09,26.0914,0.390801,FALSE,FALSE,pre,7,fernow_WS-5
703,2004-06-16,38.7386,0.370471,FALSE,FALSE,pre,7,fernow_WS-5
704,2004-06-23,2.8596,0.390801,FALSE,FALSE,pre,7,fernow_WS-5
705,2004-06-30,2.7019,0.449534,FALSE,FALSE,pre,7,fernow_WS-5
706,2004-07-07,5.5849,0.490196,FALSE,FALSE,pre,7,fernow_WS-5
707,2004-07-14,4.9137,0.359176,FALSE,FALSE,pre,7,fernow_WS-5
708,2004-07-21,9.8039,0.469865,FALSE,FALSE,pre,7,fernow_WS-5
709,2004-07-28,15.4333,0.370471,FALSE,FALSE,pre,7,fernow_WS-5
710,2004-08-04,3.1166,0.359176,FALSE,FALSE,pre,7,fernow_WS-5
711,2004-08-11,1.723,0.379506,FALSE,FALSE,pre,7,fernow_WS-5
712,2004-08-18,3.042,0.420168,FALSE,FALSE,pre,7,fernow_WS-5
713,2004-08-25,1.012,0.300443,FALSE,FALSE,pre,7,fernow_WS-5
714,2004-09-01,0.4034,0.294795,TRUE,FALSE,pre,7,fernow_WS-5
715,2004-09-08,1.8085,0.289148,FALSE,FALSE,pre,7,fernow_WS-5
716,2004-09-15,1.1035,0.320773,FALSE,FALSE,pre,7,fernow_WS-5
717,2004-09-22,0.8531,0.35014,FALSE,FALSE,pre,7,fernow_WS-5
718,2004-09-29,1.2678,0.309478,FALSE,FALSE,pre,7,fernow_WS-5
719,2004-10-06,0.5232,0.290277,TRUE,FALSE,pre,7,fernow_WS-5
720,2004-10-13,1.2058,0.271076,FALSE,FALSE,pre,7,fernow_WS-5
721,2004-10-20,6.6246,0.370471,FALSE,FALSE,pre,7,fernow_WS-5
722,2004-10-27,10.8791,0.320773,FALSE,FALSE,pre,7,fernow_WS-5
723,2004-11-03,19.3741,0.35014,FALSE,FALSE,pre,7,fernow_WS-5
724,2004-11-10,5.5109,0.359176,FALSE,FALSE,pre,7,fernow_WS-5
725,2004-11-17,13.8759,0.359176,FALSE,FALSE,pre,7,fernow_WS-5
726,2004-11-24,12.4479,0.359176,FALSE,FALSE,pre,7,fernow_WS-5
727,2004-12-01,17.8799,0.35014,FALSE,FALSE,pre,7,fernow_WS-5
728,2004-12-08,17.5494,0.399837,FALSE,FALSE,pre,7,fernow_WS-5
729,2004-12-15,6.3916,0.390801,FALSE,FALSE,pre,7,fernow_WS-5
730,2004-12-22,13.484,0.390801,FALSE,FALSE,pre,7,fernow_WS-5
731,2004-12-29,5.5729,0.460829,FALSE,FALSE,pre,7,fernow_WS-5
732,2005-01-05,29.3206,0.390801,FALSE,FALSE,pre,7,fernow_WS-5
733,2005-01-12,14.4556,0.399837,FALSE,FALSE,pre,7,fernow_WS-5
734,2005-01-19,3.9119,0.420168,FALSE,FALSE,pre,7,fernow_WS-5
735,2005-01-26,2.2299,0.449534,FALSE,FALSE,pre,7,fernow_WS-5
736,2005-02-02,5.3574,0.449534,FALSE,FALSE,pre,7,fernow_WS-5
737,2005-02-09,28.7752,0.449534,FALSE,FALSE,pre,7,fernow_WS-5
738,2005-02-16,12.0837,0.420168,FALSE,FALSE,pre,7,fernow_WS-5
739,2005-02-23,7.2218,0.420168,FALSE,FALSE,pre,7,fernow_WS-5
740,2005-03-02,13.7386,0.440498,FALSE,FALSE,pre,7,fernow_WS-5
741,2005-03-09,13.9331,0.460829,FALSE,FALSE,pre,7,fernow_WS-5
742,2005-03-16,13.2046,0.460829,FALSE,FALSE,pre,7,fernow_WS-5
743,2005-03-23,35.8899,0.609921,FALSE,FALSE,pre,7,fernow_WS-5
744,2005-03-30,20.3753,0.449534,FALSE,FALSE,pre,7,fernow_WS-5
745,2005-04-06,11.9362,0.420168,FALSE,FALSE,pre,7,fernow_WS-5
746,2005-04-13,3.3099,0.420168,FALSE,FALSE,pre,7,fernow_WS-5
747,2005-04-20,11.1915,0.449534,FALSE,FALSE,pre,7,fernow_WS-5
748,2005-04-27,23.8507,0.420168,FALSE,FALSE,pre,7,fernow_WS-5
749,2005-05-04,6.4615,0.390801,FALSE,FALSE,pre,7,fernow_WS-5
750,2005-05-11,11.7953,0.390801,FALSE,FALSE,pre,7,fernow_WS-5
751,2005-05-18,14.502,0.420168,FALSE,FALSE,pre,7,fernow_WS-5
752,2005-05-25,8.1718,0.399837,FALSE,FALSE,pre,7,fernow_WS-5
753,2005-06-01,1.6549,0.429204,FALSE,FALSE,pre,7,fernow_WS-5
754,2005-06-08,6.279,0.370471,FALSE,FALSE,pre,7,fernow_WS-5
755,2005-06-15,1.7001,0.359176,FALSE,FALSE,pre,7,fernow_WS-5
756,2005-06-22,0.8416,0.359176,FALSE,FALSE,pre,7,fernow_WS-5
757,2005-06-29,0.546,0.370471,FALSE,FALSE,pre,7,fernow_WS-5
758,2005-07-06,1.9674,0.35014,FALSE,FALSE,pre,7,fernow_WS-5
759,2005-07-13,1.2456,0.341104,FALSE,FALSE,pre,7,fernow_WS-5
760,2005-07-20,0.8139,0.28011200000000003,FALSE,FALSE,pre,7,fernow_WS-5
761,2005-07-27,0.5466,0.289148,FALSE,FALSE,pre,7,fernow_WS-5
762,2005-08-03,0.3648,0.271076,FALSE,FALSE,pre,7,fernow_WS-5
763,2005-08-10,0.289,0.320773,FALSE,FALSE,pre,7,fernow_WS-5
764,2005-08-17,0.233,0.23945,FALSE,FALSE,pre,7,fernow_WS-5
765,2005-08-24,0.5514,0.300443,FALSE,FALSE,pre,7,fernow_WS-5
766,2005-08-31,0.3642,0.250745,FALSE,FALSE,pre,7,fernow_WS-5
767,2005-09-07,0.062,0.282823,TRUE,FALSE,pre,7,fernow_WS-5
768,2005-09-14,0.1005,0.3149,TRUE,TRUE,pre,7,fernow_WS-5
769,2005-09-21,0.1391,0.346977,TRUE,FALSE,pre,7,fernow_WS-5
770,2005-09-28,0.1313,0.379055,TRUE,FALSE,pre,7,fernow_WS-5
771,2005-10-05,0.3346,0.411132,FALSE,FALSE,pre,7,fernow_WS-5
772,2005-10-12,0.0464,0.46723,TRUE,FALSE,pre,7,fernow_WS-5
773,2005-10-19,2.2089,0.523327,TRUE,FALSE,pre,7,fernow_WS-5
774,2005-10-26,4.4068,0.579425,FALSE,FALSE,pre,7,fernow_WS-5
775,2005-11-02,1.1944,0.259781,FALSE,FALSE,pre,7,fernow_WS-5
776,2005-11-09,4.2761,0.201048,FALSE,FALSE,pre,7,fernow_WS-5
777,2005-11-16,12.1872,0.359176,FALSE,FALSE,pre,7,fernow_WS-5
778,2005-11-23,12.4539,0.329809,FALSE,FALSE,pre,7,fernow_WS-5
779,2005-11-30,27.8252,0.449534,FALSE,FALSE,pre,7,fernow_WS-5
780,2005-12-07,6.3525,0.399837,FALSE,FALSE,pre,7,fernow_WS-5
781,2005-12-14,4.0317,0.420168,FALSE,FALSE,pre,7,fernow_WS-5
782,2005-12-21,10.2698,0.440498,FALSE,FALSE,pre,7,fernow_WS-5
783,2005-12-28,29.0654,0.469865,FALSE,FALSE,pre,7,fernow_WS-5
784,2006-01-04,13.2901,0.379506,FALSE,FALSE,pre,7,fernow_WS-5
785,2006-01-11,11.0554,0.390801,FALSE,FALSE,pre,7,fernow_WS-5
786,2006-01-18,25.773,0.429204,FALSE,FALSE,pre,7,fernow_WS-5
787,2006-01-25,13.7164,0.399837,FALSE,FALSE,pre,7,fernow_WS-5
788,2006-02-01,9.4625,0.390801,FALSE,FALSE,pre,7,fernow_WS-5
789,2006-02-08,5.0509,0.399837,FALSE,FALSE,pre,7,fernow_WS-5
790,2006-02-15,10.4631,0.399837,FALSE,FALSE,pre,7,fernow_WS-5
791,2006-02-22,3.6338,0.420168,FALSE,FALSE,pre,7,fernow_WS-5
792,2006-03-01,5.777,0.411132,FALSE,FALSE,pre,7,fernow_WS-5
793,2006-03-08,9.2632,0.460829,FALSE,FALSE,pre,7,fernow_WS-5
794,2006-03-15,8.5643,0.411132,FALSE,FALSE,pre,7,fernow_WS-5
795,2006-03-22,3.5146,0.411132,FALSE,FALSE,pre,7,fernow_WS-5
796,2006-03-29,10.4582,0.399837,FALSE,FALSE,pre,7,fernow_WS-5
797,2006-04-05,16.1118,0.411132,FALSE,FALSE,pre,7,fernow_WS-5
798,2006-04-12,24.3167,5.50962,FALSE,FALSE,pre,7,fernow_WS-5
799,2006-04-19,24.6406,0.420168,FALSE,FALSE,pre,7,fernow_WS-5
800,2006-04-26,5.3742,0.379506,FALSE,FALSE,pre,7,fernow_WS-5
801,2006-05-03,2.1721,0.370471,FALSE,FALSE,pre,7,fernow_WS-5
802,2006-05-10,8.1038,0.399837,FALSE,FALSE,pre,7,fernow_WS-5
803,2006-05-17,19.7901,0.399837,FALSE,FALSE,pre,7,fernow_WS-5
804,2006-05-24,2.9174,0.411132,FALSE,FALSE,pre,7,fernow_WS-5
805,2006-05-31,13.4045,0.411132,FALSE,FALSE,pre,7,fernow_WS-5
806,2006-06-07,4.361,0.379506,FALSE,FALSE,pre,7,fernow_WS-5
807,2006-06-14,2.1209,0.411132,FALSE,FALSE,pre,7,fernow_WS-5
808,2006-06-21,51.7958,0.440498,FALSE,FALSE,pre,7,fernow_WS-5
809,2006-06-28,13.177,0.379506,FALSE,FALSE,pre,7,fernow_WS-5
810,2006-07-05,8.8545,0.390801,FALSE,FALSE,pre,7,fernow_WS-5
811,2006-07-12,27.7741,0.390801,FALSE,FALSE,pre,7,fernow_WS-5
812,2006-07-19,1.8085,0.309478,FALSE,FALSE,pre,7,fernow_WS-5
813,2006-07-26,0.7393,0.354658,TRUE,FALSE,pre,7,fernow_WS-5
814,2006-08-02,1.1992,0.399837,FALSE,FALSE,pre,7,fernow_WS-5
815,2006-08-09,1.5129,0.35014,FALSE,FALSE,pre,7,fernow_WS-5
816,2006-08-16,0.5346,0.410002,TRUE,FALSE,pre,7,fernow_WS-5
817,2006-08-23,1.1258,0.469865,FALSE,FALSE,pre,7,fernow_WS-5
818,2006-08-30,2.8253,0.548929,FALSE,FALSE,pre,7,fernow_WS-5
819,2006-09-06,3.5429,0.341104,FALSE,FALSE,pre,7,fernow_WS-5
820,2006-09-13,0.643,0.309478,FALSE,FALSE,pre,7,fernow_WS-5
821,2006-09-20,0.4437,0.320773,FALSE,FALSE,pre,7,fernow_WS-5
822,2006-09-27,0.9596,0.370471,FALSE,FALSE,pre,7,fernow_WS-5
823,2006-10-04,3.3436,0.35014,FALSE,FALSE,pre,7,fernow_WS-5
824,2006-10-11,5.1466,0.749977,FALSE,FALSE,pre,7,fernow_WS-5
825,2006-10-18,5.4934,0.289148,FALSE,FALSE,pre,7,fernow_WS-5
826,2006-10-25,9.3313,0.309478,FALSE,FALSE,pre,7,fernow_WS-5
827,2006-11-01,8.1098,0.329809,FALSE,FALSE,pre,7,fernow_WS-5
828,2006-11-08,14.3304,0.411132,FALSE,FALSE,pre,7,fernow_WS-5
829,2006-11-15,13.2727,0.379506,FALSE,FALSE,pre,7,fernow_WS-5
830,2006-11-22,3.582,0.399837,FALSE,FALSE,pre,7,fernow_WS-5
831,2006-11-29,5.6355,0.411132,FALSE,FALSE,pre,7,fernow_WS-5
832,2006-12-06,3.0595,0.440498,FALSE,FALSE,pre,7,fernow_WS-5
833,2006-12-13,2.5255,0.440498,FALSE,FALSE,pre,7,fernow_WS-5
834,2006-12-20,7.2049,0.56022400000000006,FALSE,FALSE,pre,7,fernow_WS-5
835,2006-12-27,11.0037,0.440498,FALSE,FALSE,pre,7,fernow_WS-5
836,2007-01-03,12.3564,0.478901,FALSE,FALSE,disturbance,7,fernow_WS-5
837,2007-01-10,25.3172,0.530857,FALSE,FALSE,disturbance,7,fernow_WS-5
838,2007-01-17,11.3456,0.449534,FALSE,FALSE,disturbance,7,fernow_WS-5
839,2007-01-24,5.3116,0.440498,FALSE,FALSE,disturbance,7,fernow_WS-5
840,2007-01-31,3.287,0.450287,TRUE,FALSE,disturbance,7,fernow_WS-5
841,2007-02-07,2.4623,0.460076,TRUE,FALSE,disturbance,7,fernow_WS-5
842,2007-02-14,5.2544,0.469865,FALSE,FALSE,disturbance,7,fernow_WS-5
843,2007-02-21,39.4321,0.56926,FALSE,FALSE,disturbance,7,fernow_WS-5
844,2007-02-28,34.7689,0.519562,FALSE,FALSE,disturbance,7,fernow_WS-5
845,2007-03-07,14.6266,0.510526,FALSE,FALSE,disturbance,7,fernow_WS-5
846,2007-03-14,25.9885,0.499232,FALSE,FALSE,disturbance,7,fernow_WS-5
847,2007-03-21,14.4448,0.449534,FALSE,FALSE,disturbance,7,fernow_WS-5
848,2007-03-28,5.0792,0.440498,FALSE,FALSE,disturbance,7,fernow_WS-5
849,2007-04-04,3.7704,0.478901,FALSE,FALSE,post,7,fernow_WS-5
850,2007-04-11,34.7575,0.58959,FALSE,FALSE,post,7,fernow_WS-5
851,2007-04-18,15.6946,0.469865,FALSE,FALSE,post,7,fernow_WS-5
852,2007-04-25,15.1215,0.469865,FALSE,FALSE,post,7,fernow_WS-5
853,2007-05-02,6.506,0.460829,FALSE,FALSE,post,7,fernow_WS-5
854,2007-05-09,2.2684,0.449534,FALSE,FALSE,post,7,fernow_WS-5
855,2007-05-16,23.3444,0.499232,FALSE,FALSE,post,7,fernow_WS-5
856,2007-05-23,2.378,0.440498,FALSE,FALSE,post,7,fernow_WS-5
857,2007-05-30,1.5075,0.399837,FALSE,FALSE,post,7,fernow_WS-5
858,2007-06-06,1.5418,0.429204,FALSE,FALSE,post,7,fernow_WS-5
859,2007-06-13,0.6646,0.320773,FALSE,FALSE,post,7,fernow_WS-5
860,2007-06-20,0.4666,0.300443,FALSE,FALSE,post,7,fernow_WS-5
861,2007-06-27,0.5683,0.300443,FALSE,FALSE,post,7,fernow_WS-5
862,2007-07-04,8.604,0.379506,FALSE,FALSE,post,7,fernow_WS-5
863,2007-07-11,4.0149,0.519562,FALSE,FALSE,post,7,fernow_WS-5
864,2007-07-18,4.0431,0.411132,FALSE,FALSE,post,7,fernow_WS-5
865,2007-07-25,8.8936,0.510526,FALSE,FALSE,post,7,fernow_WS-5
866,2007-08-01,5.9479,0.56022400000000006,FALSE,FALSE,post,7,fernow_WS-5
867,2007-08-08,9.4348,0.440498,FALSE,FALSE,post,7,fernow_WS-5
868,2007-08-15,10.5606,0.650582,FALSE,FALSE,post,7,fernow_WS-5
869,2007-08-22,8.3145,0.399837,FALSE,FALSE,post,7,fernow_WS-5
870,2007-08-29,1.0349,0.320773,FALSE,FALSE,post,7,fernow_WS-5
871,2007-09-05,0.9211,0.548929,FALSE,FALSE,post,7,fernow_WS-5
872,2007-09-12,0.8633,0.399837,FALSE,FALSE,post,7,fernow_WS-5
873,2007-09-19,0.301,0.309478,FALSE,FALSE,post,7,fernow_WS-5
874,2007-09-26,1.484,0.429204,FALSE,FALSE,post,7,fernow_WS-5
875,2007-10-03,0.3359,0.320773,FALSE,FALSE,post,7,fernow_WS-5
876,2007-10-10,0.2625,0.300443,FALSE,FALSE,post,7,fernow_WS-5
877,2007-10-17,0.4094,0.271076,FALSE,FALSE,post,7,fernow_WS-5
878,2007-10-24,7.2049,0.519562,FALSE,FALSE,post,7,fernow_WS-5
879,2007-10-31,1.3022,0.420168,FALSE,FALSE,post,7,fernow_WS-5
880,2007-11-07,1.7687,0.370471,FALSE,FALSE,post,7,fernow_WS-5
881,2007-11-14,10.0435,0.530857,FALSE,FALSE,post,7,fernow_WS-5
882,2007-11-21,5.3224,0.580554,FALSE,FALSE,post,7,fernow_WS-5
883,2007-11-28,23.9747,0.650582,FALSE,FALSE,post,7,fernow_WS-5
884,2007-12-05,43.999,0.580554,FALSE,FALSE,post,7,fernow_WS-5
885,2007-12-12,36.9928,0.530857,FALSE,FALSE,post,7,fernow_WS-5
886,2007-12-19,8.07,0.490196,FALSE,FALSE,post,7,fernow_WS-5
887,2007-12-26,6.7673,0.499232,FALSE,FALSE,post,7,fernow_WS-5
888,2008-01-02,22.1723,0.519562,FALSE,FALSE,post,7,fernow_WS-5
889,2008-01-09,22.1217,0.510526,FALSE,FALSE,post,7,fernow_WS-5
890,2008-01-16,6.102,0.510526,FALSE,FALSE,post,7,fernow_WS-5
891,2008-01-23,3.9179,0.530857,FALSE,FALSE,post,7,fernow_WS-5
892,2008-01-30,27.4044,0.469865,FALSE,FALSE,post,7,fernow_WS-5
893,2008-02-06,23.4468,0.449534,FALSE,FALSE,post,7,fernow_WS-5
894,2008-02-13,9.7876,0.420168,FALSE,FALSE,post,7,fernow_WS-5
895,2008-02-20,15.6326,0.420168,FALSE,FALSE,post,7,fernow_WS-5
896,2008-02-27,21.5703,0.440498,FALSE,FALSE,post,7,fernow_WS-5
897,2008-03-05,27.9167,0.420168,FALSE,FALSE,post,7,fernow_WS-5
898,2008-03-12,11.6015,0.420168,FALSE,FALSE,post,7,fernow_WS-5
899,2008-03-19,18.3176,0.411132,FALSE,FALSE,post,7,fernow_WS-5
900,2008-03-26,6.1364,0.399837,FALSE,FALSE,post,7,fernow_WS-5
901,2008-04-02,10.9417,0.420168,FALSE,FALSE,post,7,fernow_WS-5
902,2008-04-09,7.3693,0.411132,FALSE,FALSE,post,7,fernow_WS-5
903,2008-04-16,9.1218,0.420168,FALSE,FALSE,post,7,fernow_WS-5
904,2008-04-23,10.1621,0.440498,FALSE,FALSE,post,7,fernow_WS-5
905,2008-04-30,12.5509,0.399837,FALSE,FALSE,post,7,fernow_WS-5
906,2008-05-07,38.2335,0.420168,FALSE,FALSE,post,7,fernow_WS-5
907,2008-05-14,27.4044,0.411132,FALSE,FALSE,post,7,fernow_WS-5
908,2008-05-21,11.749,0.379506,FALSE,FALSE,post,7,fernow_WS-5
909,2008-05-28,19.3976,0.411132,FALSE,FALSE,post,7,fernow_WS-5
910,2008-06-04,49.7477,0.370471,FALSE,FALSE,post,7,fernow_WS-5
911,2008-06-11,4.0829,0.469865,FALSE,FALSE,post,7,fernow_WS-5
912,2008-06-18,4.1798,0.469865,FALSE,FALSE,post,7,fernow_WS-5
913,2008-06-25,3.5194,0.510526,FALSE,FALSE,post,7,fernow_WS-5
914,2008-07-02,12.6351,0.440498,FALSE,FALSE,post,7,fernow_WS-5
915,2008-07-09,2.6097,0.449534,FALSE,FALSE,post,7,fernow_WS-5
916,2008-07-16,0.8753,0.548929,FALSE,FALSE,post,7,fernow_WS-5
917,2008-07-23,0.5677,0.429204,FALSE,FALSE,post,7,fernow_WS-5
918,2008-07-30,2.3027,0.478901,FALSE,FALSE,post,7,fernow_WS-5
919,2008-08-06,0.8019,0.359176,FALSE,FALSE,post,7,fernow_WS-5
920,2008-08-13,0.3245,0.341104,FALSE,FALSE,post,7,fernow_WS-5
921,2008-08-20,0.1415,0.330939,TRUE,FALSE,post,7,fernow_WS-5
922,2008-08-27,0.2215,0.320773,TRUE,FALSE,post,7,fernow_WS-5
923,2008-09-03,0.1589,0.310608,TRUE,FALSE,post,7,fernow_WS-5
924,2008-09-10,0.3979,0.300443,FALSE,FALSE,post,7,fernow_WS-5
925,2008-09-17,0.0674,0.321903,TRUE,FALSE,post,7,fernow_WS-5
926,2008-09-24,0.0674,0.343363,TRUE,FALSE,post,7,fernow_WS-5
927,2008-10-01,0.1017,0.364823,TRUE,FALSE,post,7,fernow_WS-5
928,2008-10-08,0.0439,0.386283,TRUE,FALSE,post,7,fernow_WS-5
929,2008-10-15,0.0734,0.407743,TRUE,FALSE,post,7,fernow_WS-5
930,2008-10-22,0.3185,0.429204,FALSE,FALSE,post,7,fernow_WS-5
931,2008-10-29,0.6941,0.359176,FALSE,FALSE,post,7,fernow_WS-5
932,2008-11-05,0.1595,0.329809,FALSE,FALSE,post,7,fernow_WS-5
933,2008-11-12,0.717,0.35014,FALSE,FALSE,post,7,fernow_WS-5
934,2008-11-19,2.8373,0.779343,FALSE,FALSE,post,7,fernow_WS-5
935,2008-11-26,3.3725,0.548929,FALSE,FALSE,post,7,fernow_WS-5
936,2008-12-03,3.4863,0.469865,FALSE,FALSE,post,7,fernow_WS-5
937,2008-12-10,46.1536,0.320773,FALSE,FALSE,post,7,fernow_WS-5
938,2008-12-17,26.8704,0.370471,FALSE,FALSE,post,7,fernow_WS-5
939,2008-12-24,22.9519,0.35014,FALSE,FALSE,post,7,fernow_WS-5
940,2008-12-31,6.1815,0.35014,FALSE,FALSE,post,7,fernow_WS-5
941,2009-01-07,47.9735,0.341104,FALSE,FALSE,post,7,fernow_WS-5
942,2009-01-14,5.4988,0.370471,FALSE,FALSE,post,7,fernow_WS-5
943,2009-01-21,3.3328,0.35014,FALSE,FALSE,post,7,fernow_WS-5
944,2009-01-28,20.114,0.35014,FALSE,FALSE,post,7,fernow_WS-5
945,2009-02-04,20.223,0.370471,FALSE,FALSE,post,7,fernow_WS-5
946,2009-02-11,12.7844,0.370471,FALSE,FALSE,post,7,fernow_WS-5
947,2009-02-18,5.7661,0.370471,FALSE,FALSE,post,7,fernow_WS-5
948,2009-02-25,8.9683,0.370471,FALSE,FALSE,post,7,fernow_WS-5
949,2009-03-04,4.0714,0.289148,FALSE,FALSE,post,7,fernow_WS-5
950,2009-03-11,3.827,0.341104,FALSE,FALSE,post,7,fernow_WS-5
951,2009-03-18,7.6203,0.300443,FALSE,FALSE,post,7,fernow_WS-5
952,2009-03-25,18.9882,0.300443,FALSE,FALSE,post,7,fernow_WS-5
953,2009-04-01,22.492,0.289148,FALSE,FALSE,post,7,fernow_WS-5
954,2009-04-08,21.6323,0.289148,FALSE,FALSE,post,7,fernow_WS-5
955,2009-04-15,32.6883,0.28011200000000003,FALSE,FALSE,post,7,fernow_WS-5
956,2009-04-22,15.6452,0.271076,FALSE,FALSE,post,7,fernow_WS-5
957,2009-04-29,38.369,0.28011200000000003,FALSE,FALSE,post,7,fernow_WS-5
958,2009-05-06,31.8226,0.259781,FALSE,FALSE,post,7,fernow_WS-5
959,2009-05-13,5.4308,0.28011200000000003,FALSE,FALSE,post,7,fernow_WS-5
960,2009-05-20,2.3876,0.300443,FALSE,FALSE,post,7,fernow_WS-5
961,2009-05-27,4.4868,0.309478,FALSE,FALSE,post,7,fernow_WS-5
962,2009-06-03,27.877,0.271076,FALSE,FALSE,post,7,fernow_WS-5
963,2009-06-10,2.4863,0.289148,FALSE,FALSE,post,7,fernow_WS-5
964,2009-06-17,6.4253,0.320773,FALSE,FALSE,post,7,fernow_WS-5
965,2009-06-24,1.5297,0.320773,FALSE,FALSE,post,7,fernow_WS-5
966,2009-07-01,1.2396,0.329809,FALSE,FALSE,post,7,fernow_WS-5
967,2009-07-08,0.4431,0.319644,TRUE,FALSE,post,7,fernow_WS-5
968,2009-07-15,1.0066,0.309478,FALSE,FALSE,post,7,fernow_WS-5
969,2009-07-22,2.1323,0.341104,FALSE,FALSE,post,7,fernow_WS-5
970,2009-07-29,21.9339,0.320773,FALSE,FALSE,post,7,fernow_WS-5
971,2009-08-05,3.0312,0.289148,FALSE,FALSE,post,7,fernow_WS-5
972,2009-08-12,0.9945,0.289148,FALSE,FALSE,post,7,fernow_WS-5
973,2009-08-19,1.8205,0.300443,FALSE,FALSE,post,7,fernow_WS-5
974,2009-08-26,0.6141,0.21912,FALSE,FALSE,post,7,fernow_WS-5
975,2009-09-02,0.2733,0.250745,FALSE,FALSE,post,7,fernow_WS-5
976,2009-09-09,0.1475,0.248486,TRUE,FALSE,post,7,fernow_WS-5
977,2009-09-16,0.0849,0.246227,TRUE,FALSE,post,7,fernow_WS-5
978,2009-09-23,0.5858,0.243968,TRUE,FALSE,post,7,fernow_WS-5
979,2009-09-30,0.6436,0.241709,TRUE,FALSE,post,7,fernow_WS-5
980,2009-10-07,2.6332,0.23945,FALSE,FALSE,post,7,fernow_WS-5
981,2009-10-14,4.5777,0.28011200000000003,FALSE,FALSE,post,7,fernow_WS-5
982,2009-10-21,16.6337,0.23945,FALSE,FALSE,post,7,fernow_WS-5
983,2009-10-28,13.0457,0.230415,FALSE,FALSE,post,7,fernow_WS-5
984,2009-11-04,4.1286,0.230415,FALSE,FALSE,post,7,fernow_WS-5
985,2009-11-11,1.7579,0.250745,FALSE,FALSE,post,7,fernow_WS-5
986,2009-11-18,1.4725,0.259781,FALSE,FALSE,post,7,fernow_WS-5
987,2009-11-25,3.0601,0.320773,FALSE,FALSE,post,7,fernow_WS-5
988,2009-12-02,11.9254,0.28011200000000003,FALSE,FALSE,post,7,fernow_WS-5
989,2009-12-09,28.1612,0.271076,FALSE,FALSE,post,7,fernow_WS-5
990,2009-12-16,5.9425,0.289148,FALSE,FALSE,post,7,fernow_WS-5
991,2009-12-23,11.9765,0.289148,FALSE,FALSE,post,7,fernow_WS-5
992,2009-12-30,7.1772,0.28011200000000003,FALSE,FALSE,post,7,fernow_WS-5
993,2010-01-06,3.8722,0.309478,FALSE,FALSE,post,7,fernow_WS-5
994,2010-01-13,19.0671,0.309478,FALSE,FALSE,post,7,fernow_WS-5
995,2010-01-20,44.9033,0.309478,FALSE,FALSE,post,7,fernow_WS-5
996,2010-01-27,8.94,0.300443,FALSE,FALSE,post,7,fernow_WS-5
997,2010-02-03,2.393,0.309478,FALSE,FALSE,post,7,fernow_WS-5
998,2010-02-10,3.3845,0.300443,FALSE,FALSE,post,7,fernow_WS-5
999,2010-02-17,4.3731,0.370471,FALSE,FALSE,post,7,fernow_WS-5
1000,2010-02-24,8.2687,0.289148,FALSE,FALSE,post,7,fernow_WS-5
1001,2010-03-03,6.1303,0.289148,FALSE,FALSE,post,7,fernow_WS-5
1002,2010-03-10,71.4149,0.28011200000000003,FALSE,FALSE,post,7,fernow_WS-5
1003,2010-03-17,14.9505,0.259781,FALSE,FALSE,post,7,fernow_WS-5
1004,2010-03-24,15.815,0.250745,FALSE,FALSE,post,7,fernow_WS-5
1005,2010-03-31,5.5855,0.250745,FALSE,FALSE,post,7,fernow_WS-5
1006,2010-04-07,4.2539,0.23945,FALSE,FALSE,post,7,fernow_WS-5
1007,2010-04-14,4.0486,0.23945,FALSE,FALSE,post,7,fernow_WS-5
1008,2010-04-21,4.7945,0.259781,FALSE,FALSE,post,7,fernow_WS-5
1009,2010-04-28,14.6212,0.250745,FALSE,FALSE,post,7,fernow_WS-5
1010,2010-05-05,5.8739,0.21912,FALSE,FALSE,post,7,fernow_WS-5
1011,2010-05-12,6.1707,0.23945,FALSE,FALSE,post,7,fernow_WS-5
1012,2010-05-19,9.6901,0.230415,FALSE,FALSE,post,7,fernow_WS-5
1013,2010-05-26,2.2347,0.201048,FALSE,FALSE,post,7,fernow_WS-5
1014,2010-06-02,3.9583,0.271076,FALSE,FALSE,post,7,fernow_WS-5
1015,2010-06-09,4.6012,0.250745,FALSE,FALSE,post,7,fernow_WS-5
1016,2010-06-16,0.9211,0.23945,FALSE,FALSE,post,7,fernow_WS-5
1017,2010-06-23,0.6255,0.230415,FALSE,FALSE,post,7,fernow_WS-5
1018,2010-06-30,0.13,0.234085,TRUE,FALSE,post,7,fernow_WS-5
1019,2010-07-07,0.3185,0.237756,TRUE,FALSE,post,7,fernow_WS-5
1020,2010-07-14,0.363,0.241427,TRUE,FALSE,post,7,fernow_WS-5
1021,2010-07-21,0.3076,0.245098,TRUE,FALSE,post,7,fernow_WS-5
1022,2010-07-28,0.2161,0.248769,TRUE,FALSE,post,7,fernow_WS-5
1023,2010-08-04,0.472,0.25244,TRUE,FALSE,post,7,fernow_WS-5
1024,2010-08-11,0.2215,0.25611,TRUE,FALSE,post,7,fernow_WS-5
1025,2010-08-18,0.1812,0.259781,FALSE,FALSE,post,7,fernow_WS-5
1026,2010-08-25,0.1854,0.283726,TRUE,FALSE,post,7,fernow_WS-5
1027,2010-09-01,0.2737,0.30767099999999997,TRUE,TRUE,post,7,fernow_WS-5
1028,2010-09-08,0.3619,0.331616,TRUE,TRUE,post,7,fernow_WS-5
1029,2010-09-15,0.4502,0.355561,TRUE,FALSE,post,7,fernow_WS-5
1030,2010-09-22,0.0897,0.379506,FALSE,FALSE,post,7,fernow_WS-5
1031,2010-09-29,1.8602,0.271076,FALSE,FALSE,post,7,fernow_WS-5
1032,2010-10-06,1.3082,0.271076,TRUE,FALSE,post,7,fernow_WS-5
1033,2010-10-13,0.2155,0.271076,TRUE,FALSE,post,7,fernow_WS-5
1034,2010-10-20,0.1704,0.271076,TRUE,FALSE,post,7,fernow_WS-5
1035,2010-10-27,0.8248,0.271076,TRUE,FALSE,post,7,fernow_WS-5
1036,2010-11-03,4.1335,0.271076,TRUE,FALSE,post,7,fernow_WS-5
1037,2010-11-10,1.2113,0.271076,TRUE,FALSE,post,7,fernow_WS-5
1038,2010-11-17,2.9228,0.271076,TRUE,FALSE,post,7,fernow_WS-5
1039,2010-11-24,7.9436,0.271076,TRUE,FALSE,post,7,fernow_WS-5
1040,2010-12-01,21.4968,0.271076,TRUE,FALSE,post,7,fernow_WS-5
1041,2010-12-08,6.7444,0.271076,TRUE,FALSE,post,7,fernow_WS-5
1042,2010-12-15,5.7095,0.271076,TRUE,FALSE,post,7,fernow_WS-5
1043,2010-12-22,2.1378,0.271076,TRUE,FALSE,post,7,fernow_WS-5
1044,2010-12-29,14.7277,0.271076,TRUE,FALSE,post,7,fernow_WS-5
1045,2011-01-05,4.3165,0.271076,TRUE,FALSE,post,7,fernow_WS-5
1046,2011-01-12,1.7681,0.271076,TRUE,FALSE,post,7,fernow_WS-5
1047,2011-01-19,4.8968,0.271076,TRUE,FALSE,post,7,fernow_WS-5
1048,2011-01-26,2.8891,0.271076,TRUE,FALSE,post,7,fernow_WS-5
1049,2011-02-02,24.3113,0.271076,TRUE,FALSE,post,7,fernow_WS-5
1050,2011-02-09,5.5729,0.271076,TRUE,FALSE,post,7,fernow_WS-5
1051,2011-02-16,30.0876,0.271076,TRUE,FALSE,post,7,fernow_WS-5
1052,2011-02-23,38.0162,0.271076,TRUE,FALSE,post,7,fernow_WS-5
1053,2011-03-02,13.5917,0.271076,TRUE,FALSE,post,7,fernow_WS-5
1054,2011-03-09,35.6334,0.271076,TRUE,FALSE,post,7,fernow_WS-5
1055,2011-03-16,11.8621,0.271076,TRUE,FALSE,post,7,fernow_WS-5
1056,2011-03-23,18.5277,0.271076,TRUE,FALSE,post,7,fernow_WS-5
1057,2011-03-30,15.0017,0.271076,TRUE,FALSE,post,7,fernow_WS-5
1058,2011-04-06,18.6577,0.271076,TRUE,FALSE,post,7,fernow_WS-5
1059,2011-04-13,36.4016,0.271076,TRUE,FALSE,post,7,fernow_WS-5
1060,2011-04-20,23.823,0.271076,TRUE,FALSE,post,7,fernow_WS-5
1061,2011-04-27,18.0726,0.271076,TRUE,FALSE,post,7,fernow_WS-5
1062,2011-05-04,6.6938,0.271076,TRUE,FALSE,post,7,fernow_WS-5
1063,2011-05-11,13.3527,0.271076,TRUE,FALSE,post,7,fernow_WS-5
1064,2011-05-18,21.3596,0.271076,TRUE,FALSE,post,7,fernow_WS-5
1065,2011-05-25,3.5543,0.271076,TRUE,FALSE,post,7,fernow_WS-5
1066,2011-06-01,0.8753,0.271076,TRUE,FALSE,post,7,fernow_WS-5
1067,2011-06-08,0.5737,0.271076,TRUE,FALSE,post,7,fernow_WS-5
1068,2011-06-15,1.4448,0.271076,TRUE,FALSE,post,7,fernow_WS-5
1069,2011-06-22,1.6092,0.271076,TRUE,FALSE,post,7,fernow_WS-5
1070,2011-06-29,10.442,0.271076,TRUE,FALSE,post,7,fernow_WS-5
1071,2011-07-06,5.795,0.271076,FALSE,FALSE,post,7,fernow_WS-5
1072,2011-07-13,8.3199,0.21912,FALSE,FALSE,post,7,fernow_WS-5
1073,2011-07-20,45.9381,0.21912,FALSE,FALSE,post,7,fernow_WS-5
1074,2011-07-27,4.0546,0.210084,FALSE,FALSE,post,7,fernow_WS-5
1075,2011-08-03,5.4248,0.28011200000000003,FALSE,FALSE,post,7,fernow_WS-5
1076,2011-08-10,2.6549,0.21912,FALSE,FALSE,post,7,fernow_WS-5
1077,2011-08-17,0.9151,0.250745,FALSE,FALSE,post,7,fernow_WS-5
1078,2011-08-24,1.6887,0.23945,FALSE,FALSE,post,7,fernow_WS-5
1079,2011-08-31,7.9629,0.399837,FALSE,FALSE,post,7,fernow_WS-5
1080,2011-09-07,10.7532,0.309478,TRUE,FALSE,post,7,fernow_WS-5
1081,2011-09-14,1.5923,0.21912,FALSE,FALSE,post,7,fernow_WS-5
1082,2011-09-21,2.2124,0.23945,FALSE,FALSE,post,7,fernow_WS-5
1083,2011-09-28,10.6972,0.300443,FALSE,FALSE,post,7,fernow_WS-5
1084,2011-10-05,6.2267,0.21912,FALSE,FALSE,post,7,fernow_WS-5
1085,2011-10-12,4.072,0.180717,FALSE,FALSE,post,7,fernow_WS-5
1086,2011-10-19,3.355,0.160387,FALSE,FALSE,post,7,fernow_WS-5
1087,2011-10-26,21.4162,0.271076,FALSE,FALSE,post,7,fernow_WS-5
1088,2011-11-02,5.4422,0.259781,FALSE,FALSE,post,7,fernow_WS-5
1089,2011-11-09,2.1558,0.320773,FALSE,FALSE,post,7,fernow_WS-5
1090,2011-11-16,27.8704,0.320773,FALSE,FALSE,post,7,fernow_WS-5
1091,2011-11-23,30.0094,0.289148,FALSE,FALSE,post,7,fernow_WS-5
1092,2011-11-30,6.7847,0.300443,FALSE,FALSE,post,7,fernow_WS-5
1093,2011-12-07,24.9422,0.329809,FALSE,FALSE,post,7,fernow_WS-5
1094,2011-12-14,9.9399,0.329809,FALSE,FALSE,post,7,fernow_WS-5
1095,2011-12-21,10.0946,0.309478,FALSE,FALSE,post,7,fernow_WS-5
1096,2011-12-28,10.8851,0.320773,FALSE,FALSE,post,7,fernow_WS-5
1097,2012-01-04,6.4663,0.329809,FALSE,FALSE,post,7,fernow_WS-5
1098,2012-01-11,14.2052,0.609921,FALSE,FALSE,post,7,fernow_WS-5
1099,2012-01-18,17.1394,0.35014,FALSE,FALSE,post,7,fernow_WS-5
1100,2012-01-25,13.7675,0.341104,FALSE,FALSE,post,7,fernow_WS-5
1101,2012-02-01,7.1478,0.35014,FALSE,FALSE,post,7,fernow_WS-5
1102,2012-02-08,4.8781,0.341104,FALSE,FALSE,post,7,fernow_WS-5
1103,2012-02-15,19.2947,0.370471,FALSE,FALSE,post,7,fernow_WS-5
1104,2012-02-22,8.4626,0.359176,FALSE,FALSE,post,7,fernow_WS-5
1105,2012-02-29,49.5033,0.379506,FALSE,FALSE,post,7,fernow_WS-5
1106,2012-03-07,8.7232,0.359176,FALSE,FALSE,post,7,fernow_WS-5
1107,2012-03-14,8.2801,0.341104,FALSE,FALSE,post,7,fernow_WS-5
1108,2012-03-21,9.8436,0.341104,FALSE,FALSE,post,7,fernow_WS-5
1109,2012-03-28,9.8659,0.341104,FALSE,FALSE,post,7,fernow_WS-5
1110,2012-04-04,4.2936,0.341104,FALSE,FALSE,post,7,fernow_WS-5
1111,2012-04-11,1.735,0.35014,FALSE,FALSE,post,7,fernow_WS-5
1112,2012-04-18,2.0294,0.399837,FALSE,FALSE,post,7,fernow_WS-5
1113,2012-04-25,6.3922,0.329809,FALSE,FALSE,post,7,fernow_WS-5
1114,2012-05-02,30.8281,0.359176,FALSE,FALSE,post,7,fernow_WS-5
1115,2012-05-09,21.7689,0.411132,FALSE,FALSE,post,7,fernow_WS-5
1116,2012-05-16,7.9677,0.320773,FALSE,FALSE,post,7,fernow_WS-5
1117,2012-05-23,1.2046,0.289148,FALSE,FALSE,post,7,fernow_WS-5
1118,2012-05-30,0.4894,0.271076,FALSE,FALSE,post,7,fernow_WS-5
1119,2012-06-06,0.4154,0.28011200000000003,FALSE,FALSE,post,7,fernow_WS-5
1120,2012-06-13,0.4322,0.289148,FALSE,FALSE,post,7,fernow_WS-5
1121,2012-06-20,0.1999,0.34261,TRUE,FALSE,post,7,fernow_WS-5
1122,2012-06-27,0.2396,0.396072,TRUE,FALSE,post,7,fernow_WS-5
1123,2012-07-04,0.3576,0.449534,FALSE,FALSE,post,7,fernow_WS-5
1124,2012-07-11,0.7965,0.289148,FALSE,FALSE,post,7,fernow_WS-5
1125,2012-07-18,4.2539,0.28011200000000003,FALSE,FALSE,post,7,fernow_WS-5
1126,2012-07-25,6.6649,0.271076,FALSE,FALSE,post,7,fernow_WS-5
1127,2012-08-01,2.4165,0.23945,FALSE,FALSE,post,7,fernow_WS-5
1128,2012-08-08,1.8205,0.28011200000000003,FALSE,FALSE,post,7,fernow_WS-5
1129,2012-08-15,0.5773,0.230415,FALSE,FALSE,post,7,fernow_WS-5
1130,2012-08-22,0.5832,0.271076,FALSE,TRUE,post,7,fernow_WS-5
1131,2012-08-29,0.5891,0.21912,FALSE,TRUE,post,7,fernow_WS-5
1132,2012-09-05,0.595,0.210084,FALSE,TRUE,post,7,fernow_WS-5
1133,2012-09-12,0.6009,0.420168,FALSE,TRUE,post,7,fernow_WS-5
1134,2012-09-19,0.6068,0.250745,FALSE,TRUE,post,7,fernow_WS-5
1135,2012-09-26,0.6127,0.169422,FALSE,FALSE,post,7,fernow_WS-5
1136,2012-10-03,0.5918,0.090359,FALSE,FALSE,post,7,fernow_WS-5
1137,2012-10-10,0.3528,0.040661,FALSE,FALSE,post,7,fernow_WS-5
1138,2012-10-17,0.4888,0.079064,FALSE,FALSE,post,7,fernow_WS-5
1139,2012-10-24,3.7638,0.341104,FALSE,FALSE,post,7,fernow_WS-5
1140,2012-10-31,18.2146,0.35014,TRUE,FALSE,post,7,fernow_WS-5
1141,2012-11-07,37.3805,0.359176,FALSE,FALSE,post,7,fernow_WS-5
1142,2012-11-14,8.5523,0.349575,TRUE,FALSE,post,7,fernow_WS-5
1143,2012-11-21,3.3779,0.339974,TRUE,FALSE,post,7,fernow_WS-5
1144,2012-11-28,4.3213,0.330374,TRUE,FALSE,post,7,fernow_WS-5
1145,2012-12-05,31.2543,0.320773,FALSE,FALSE,post,7,fernow_WS-5
1146,2012-12-12,10.1,0.259781,FALSE,FALSE,post,7,fernow_WS-5
1147,2012-12-19,14.1721,0.265429,TRUE,FALSE,post,7,fernow_WS-5
1148,2012-12-26,13.5008,0.271076,FALSE,FALSE,post,7,fernow_WS-5
1149,2013-01-02,4.4013,0.28463,FALSE,FALSE,post,7,fernow_WS-5
1150,2013-01-09,24.6809,0.289148,FALSE,FALSE,post,7,fernow_WS-5
1151,2013-01-16,25.602,0.289148,FALSE,FALSE,post,7,fernow_WS-5
1152,2013-01-23,13.0391,0.341104,FALSE,FALSE,post,7,fernow_WS-5
1153,2013-01-30,38.2498,0.28011200000000003,FALSE,FALSE,post,7,fernow_WS-5
1154,2013-02-06,15.8656,0.269947,TRUE,FALSE,post,7,fernow_WS-5
1155,2013-02-13,11.7947,0.259781,FALSE,FALSE,post,7,fernow_WS-5
1156,2013-02-20,9.542,0.250745,FALSE,FALSE,post,7,fernow_WS-5
1157,2013-02-27,10.8399,0.259781,FALSE,FALSE,post,7,fernow_WS-5
1158,2013-03-06,21.6148,0.390801,FALSE,FALSE,post,7,fernow_WS-5
1159,2013-03-13,19.7112,0.300443,FALSE,FALSE,post,7,fernow_WS-5
1160,2013-03-20,11.5955,0.259781,FALSE,FALSE,post,7,fernow_WS-5
1161,2013-03-27,20.905,0.289148,FALSE,FALSE,post,7,fernow_WS-5
1162,2013-04-03,8.5535,0.259781,TRUE,FALSE,post,7,fernow_WS-5
1163,2013-04-10,9.5823,0.230415,FALSE,FALSE,post,7,fernow_WS-5
1164,2013-04-17,14.6326,0.210084,FALSE,FALSE,post,7,fernow_WS-5
1165,2013-04-24,4.6578,0.201048,FALSE,FALSE,post,7,fernow_WS-5
1166,2013-05-01,2.7928,0.189753,FALSE,FALSE,post,7,fernow_WS-5
1167,2013-05-08,20.7858,0.210084,FALSE,FALSE,post,7,fernow_WS-5
1168,2013-05-15,3.8607,0.201048,FALSE,FALSE,post,7,fernow_WS-5
1169,2013-05-22,1.5189,0.230415,FALSE,FALSE,post,7,fernow_WS-5
1170,2013-05-29,0.705,0.189753,FALSE,FALSE,post,7,fernow_WS-5
1171,2013-06-05,1.0403,0.180717,FALSE,FALSE,post,7,fernow_WS-5
1172,2013-06-12,15.7578,0.201048,FALSE,FALSE,post,7,fernow_WS-5
1173,2013-06-19,2.6718,0.21912,FALSE,FALSE,post,7,fernow_WS-5
1174,2013-06-26,19.745,0.201048,FALSE,FALSE,post,7,fernow_WS-5
1175,2013-07-03,3.0372,0.210084,FALSE,FALSE,post,7,fernow_WS-5
1176,2013-07-10,2.1781,0.23945,FALSE,FALSE,post,7,fernow_WS-5
1177,2013-07-17,4.0883,0.35014,FALSE,FALSE,post,7,fernow_WS-5
1178,2013-07-24,5.2093,0.21912,FALSE,FALSE,post,7,fernow_WS-5
1179,2013-07-31,1.0632,0.201048,FALSE,FALSE,post,7,fernow_WS-5
1180,2013-08-07,23.038,0.289148,FALSE,FALSE,post,7,fernow_WS-5
1181,2013-08-14,8.5872,0.21912,FALSE,FALSE,post,7,fernow_WS-5
1182,2013-08-21,30.5656,0.210084,FALSE,FALSE,post,7,fernow_WS-5
1183,2013-08-28,48.0079,0.230415,FALSE,FALSE,post,7,fernow_WS-5
1184,2013-09-04,4.0997,0.201048,FALSE,FALSE,post,7,fernow_WS-5
1185,2013-09-11,1.2847,0.189753,FALSE,FALSE,post,7,fernow_WS-5
1186,2013-09-18,1.0403,0.201048,FALSE,FALSE,post,7,fernow_WS-5
1187,2013-09-25,0.4943,0.170552,TRUE,FALSE,post,7,fernow_WS-5
1188,2013-10-02,0.5009,0.14005600000000001,TRUE,FALSE,post,7,fernow_WS-5
1189,2013-10-09,0.3931,0.10956,TRUE,FALSE,post,7,fernow_WS-5
1190,2013-10-16,0.4485,0.079064,FALSE,FALSE,post,7,fernow_WS-5
1191,2013-10-23,0.7327,0.119725,FALSE,FALSE,post,7,fernow_WS-5
1192,2013-10-30,1.735,0.201048,FALSE,FALSE,post,7,fernow_WS-5
1193,2013-11-06,2.6904,0.189753,FALSE,FALSE,post,7,fernow_WS-5
1194,2013-11-13,2.2407,0.23945,FALSE,FALSE,post,7,fernow_WS-5
1195,2013-11-20,8.0749,0.259781,FALSE,FALSE,post,7,fernow_WS-5
1196,2013-11-27,16.526,0.259781,FALSE,FALSE,post,7,fernow_WS-5
1197,2013-12-04,40.9173,0.28011200000000003,FALSE,FALSE,post,7,fernow_WS-5
1198,2013-12-11,9.7756,0.271076,FALSE,FALSE,post,7,fernow_WS-5
1199,2013-12-18,21.2915,0.259781,FALSE,FALSE,post,7,fernow_WS-5
1200,2013-12-25,19.4548,0.28011200000000003,FALSE,FALSE,post,7,fernow_WS-5
1201,2014-01-01,9.9062,0.300443,FALSE,FALSE,post,7,fernow_WS-5
1202,2014-01-08,18.09,0.250745,FALSE,FALSE,post,7,fernow_WS-5
1203,2014-01-15,7.58,0.259781,FALSE,FALSE,post,7,fernow_WS-5
1204,2014-01-22,3.116,0.320773,FALSE,FALSE,post,7,fernow_WS-5
1205,2014-01-29,18.7029,0.329809,FALSE,FALSE,post,7,fernow_WS-5
1206,2014-02-05,31.3224,0.271076,FALSE,FALSE,post,7,fernow_WS-5
1207,2014-02-12,3.1335,0.289148,FALSE,FALSE,post,7,fernow_WS-5
1208,2014-02-19,34.5245,0.271076,FALSE,FALSE,post,7,fernow_WS-5
1209,2014-02-26,9.3204,0.259781,FALSE,FALSE,post,7,fernow_WS-5
1210,2014-03-05,12.6195,0.271076,FALSE,FALSE,post,7,fernow_WS-5
1211,2014-03-12,14.803,0.250745,FALSE,FALSE,post,7,fernow_WS-5
1212,2014-03-19,11.5551,0.23945,FALSE,FALSE,post,7,fernow_WS-5
1213,2014-03-26,11.6569,0.259781,FALSE,FALSE,post,7,fernow_WS-5
1214,2014-04-02,10.0422,0.23945,FALSE,FALSE,post,7,fernow_WS-5
1215,2014-04-09,3.4574,0.259781,FALSE,FALSE,post,7,fernow_WS-5
1216,2014-04-16,3.998,0.250745,FALSE,FALSE,post,7,fernow_WS-5
1217,2014-04-23,7.108,0.250745,FALSE,FALSE,post,7,fernow_WS-5
1218,2014-04-30,10.2078,0.230415,FALSE,FALSE,post,7,fernow_WS-5
1219,2014-05-07,2.9053,0.230415,FALSE,FALSE,post,7,fernow_WS-5
1220,2014-05-14,30.727,0.250745,FALSE,FALSE,post,7,fernow_WS-5
1221,2014-05-21,2.9342,0.289148,FALSE,FALSE,post,7,fernow_WS-5
1222,2014-05-28,8.2687,0.230415,FALSE,FALSE,post,7,fernow_WS-5
1223,2014-06-04,4.0943,0.230415,FALSE,FALSE,post,7,fernow_WS-5
1224,2014-06-11,2.3093,0.250745,FALSE,FALSE,post,7,fernow_WS-5
1225,2014-06-18,3.1504,0.271076,FALSE,FALSE,post,7,fernow_WS-5
1226,2014-06-25,1.1198,0.259781,FALSE,FALSE,post,7,fernow_WS-5
1227,2014-07-02,0.3979,0.271076,FALSE,FALSE,post,7,fernow_WS-5
1228,2014-07-09,0.7904,0.23945,FALSE,FALSE,post,7,fernow_WS-5
1229,2014-07-16,0.6538,0.230415,FALSE,FALSE,post,7,fernow_WS-5
1230,2014-07-23,2.5989,0.359176,FALSE,FALSE,post,7,fernow_WS-5
1231,2014-07-30,0.909,0.23945,FALSE,FALSE,post,7,fernow_WS-5
1232,2014-08-06,2.1323,0.289148,FALSE,FALSE,post,7,fernow_WS-5
1233,2014-08-13,3.0721,0.230415,FALSE,FALSE,post,7,fernow_WS-5
1234,2014-08-20,9.7635,0.250745,FALSE,FALSE,post,7,fernow_WS-5
1235,2014-08-27,1.3533,0.180717,FALSE,FALSE,post,7,fernow_WS-5
1236,2014-09-03,0.9319,0.189753,FALSE,FALSE,post,7,fernow_WS-5
1237,2014-09-10,1.2853,0.169422,FALSE,FALSE,post,7,fernow_WS-5
1238,2014-09-17,0.5292,0.180717,FALSE,FALSE,post,7,fernow_WS-5
1239,2014-09-24,0.2956,0.180717,FALSE,FALSE,post,7,fernow_WS-5
1240,2014-10-01,0.8248,0.210084,FALSE,FALSE,post,7,fernow_WS-5
1241,2014-10-08,2.8951,0.189753,FALSE,FALSE,post,7,fernow_WS-5
1242,2014-10-15,17.8685,0.169422,FALSE,FALSE,post,7,fernow_WS-5
1243,2014-10-22,14.4845,0.149092,FALSE,FALSE,post,7,fernow_WS-5
1244,2014-10-29,7.0117,0.201048,FALSE,FALSE,post,7,fernow_WS-5
1245,2014-11-05,16.2653,0.210084,FALSE,FALSE,post,7,fernow_WS-5
1246,2014-11-12,4.9871,0.23945,FALSE,FALSE,post,7,fernow_WS-5
1247,2014-11-19,6.1129,0.201048,FALSE,FALSE,post,7,fernow_WS-5
1248,2014-11-26,9.5992,0.250745,FALSE,FALSE,post,7,fernow_WS-5
1249,2014-12-03,39.4321,0.21912,FALSE,FALSE,post,7,fernow_WS-5
1250,2014-12-10,6.1418,0.21912,FALSE,FALSE,post,7,fernow_WS-5
1251,2014-12-17,12.522,0.21912,FALSE,FALSE,post,7,fernow_WS-5
1252,2014-12-24,5.311,0.230415,FALSE,FALSE,post,7,fernow_WS-5
1253,2014-12-31,12.6701,0.23945,FALSE,FALSE,post,7,fernow_WS-5
1254,2015-01-07,7.2561,0.250745,FALSE,FALSE,post,7,fernow_WS-5
1255,2015-01-14,7.0749,0.21912,FALSE,FALSE,post,7,fernow_WS-5
1256,2015-01-21,6.8696,0.230415,FALSE,FALSE,post,7,fernow_WS-5
1257,2015-01-28,15.4339,0.250745,FALSE,FALSE,post,7,fernow_WS-5
1258,2015-02-04,14.7572,0.259781,FALSE,FALSE,post,7,fernow_WS-5
1259,2015-02-11,9.6618,0.23945,FALSE,FALSE,post,7,fernow_WS-5
1260,2015-02-18,2.8662,0.271076,FALSE,FALSE,post,7,fernow_WS-5
1261,2015-02-25,7.6366,0.230415,FALSE,FALSE,post,7,fernow_WS-5
1262,2015-03-04,61.2643,0.201048,FALSE,FALSE,post,7,fernow_WS-5
1263,2015-03-11,58.8526,0.201048,FALSE,FALSE,post,7,fernow_WS-5
1264,2015-03-18,11.6581,0.201048,FALSE,FALSE,post,7,fernow_WS-5
1265,2015-03-25,8.4222,0.201048,FALSE,FALSE,post,7,fernow_WS-5
1266,2015-04-01,15.4116,0.201048,FALSE,FALSE,post,7,fernow_WS-5
1267,2015-04-08,34.0573,0.201048,FALSE,FALSE,post,7,fernow_WS-5
1268,2015-04-15,22.3427,0.21912,FALSE,FALSE,post,7,fernow_WS-5
1269,2015-04-22,16.9462,0.169422,FALSE,FALSE,post,7,fernow_WS-5
1270,2015-04-29,4.6801,0.169422,FALSE,FALSE,post,7,fernow_WS-5
1271,2015-05-06,2.0246,0.189753,FALSE,FALSE,post,7,fernow_WS-5
1272,2015-05-13,1.8939,0.201048,FALSE,FALSE,post,7,fernow_WS-5
1273,2015-05-20,2.1155,0.21912,FALSE,FALSE,post,7,fernow_WS-5
1274,2015-05-27,1.0915,0.13102,FALSE,FALSE,post,7,fernow_WS-5
1275,2015-06-03,0.7507,0.149092,FALSE,FALSE,post,7,fernow_WS-5
1276,2015-06-10,0.5791,0.210084,FALSE,FALSE,post,7,fernow_WS-5
1277,2015-06-17,13.2733,0.195401,FALSE,FALSE,post,7,fernow_WS-5
1278,2015-06-24,23.8104,0.180717,FALSE,FALSE,post,7,fernow_WS-5
1279,2015-07-01,6.158,0.210084,FALSE,FALSE,post,7,fernow_WS-5
1280,2015-07-08,38.6134,0.169422,FALSE,FALSE,post,7,fernow_WS-5
1281,2015-07-15,8.4565,0.180717,FALSE,FALSE,post,7,fernow_WS-5
1282,2015-07-22,1.7404,0.21912,FALSE,FALSE,post,7,fernow_WS-5
1283,2015-07-29,1.012,0.210084,FALSE,FALSE,post,7,fernow_WS-5
1284,2015-08-05,0.9783,0.289148,FALSE,FALSE,post,7,fernow_WS-5
1285,2015-08-12,0.9036,0.201048,FALSE,FALSE,post,7,fernow_WS-5
1286,2015-08-19,1.5755,0.210084,FALSE,FALSE,post,7,fernow_WS-5
1287,2015-08-26,0.363,0.210084,FALSE,FALSE,post,7,fernow_WS-5
1288,2015-09-02,0.1926,0.201048,FALSE,FALSE,post,7,fernow_WS-5
1289,2015-09-09,0.3925,0.201048,FALSE,FALSE,post,7,fernow_WS-5
1290,2015-09-16,0.13,0.170552,TRUE,FALSE,post,7,fernow_WS-5
1291,2015-09-23,0.3468,0.14005600000000001,FALSE,FALSE,post,7,fernow_WS-5
1292,2015-09-30,0.5629,0.100524,TRUE,FALSE,post,7,fernow_WS-5
1293,2015-10-07,0.5286,0.060992,FALSE,FALSE,post,7,fernow_WS-5
1294,2015-10-14,0.1698,0.08057,TRUE,FALSE,post,7,fernow_WS-5
1295,2015-10-21,0.1252,0.100148,TRUE,FALSE,post,7,fernow_WS-5
1296,2015-10-28,0.4491,0.119725,FALSE,FALSE,post,7,fernow_WS-5
1297,2015-11-04,0.2781,0.169422,FALSE,FALSE,post,7,fernow_WS-5
1298,2015-11-11,0.7561,0.201048,FALSE,FALSE,post,7,fernow_WS-5
1299,2015-11-18,1.319,0.23945,FALSE,FALSE,post,7,fernow_WS-5
1300,2015-11-25,2.809,0.289148,FALSE,FALSE,post,7,fernow_WS-5
1301,2015-12-02,10.333,0.23945,FALSE,FALSE,post,7,fernow_WS-5
1302,2015-12-09,1.8994,0.189753,FALSE,FALSE,post,7,fernow_WS-5
1303,2015-12-16,4.0377,0.289148,FALSE,FALSE,post,7,fernow_WS-5
1304,2015-12-23,25.2552,0.210084,FALSE,FALSE,post,7,fernow_WS-5
1305,2015-12-30,6.8582,0.210084,FALSE,FALSE,post,7,fernow_WS-5
1306,2016-01-06,6.9202,0.230415,FALSE,FALSE,post,7,fernow_WS-5
1307,2016-01-13,9.0881,0.210084,FALSE,FALSE,post,7,fernow_WS-5
1308,2016-01-20,4.1401,0.21912,FALSE,FALSE,post,7,fernow_WS-5
1309,2016-01-27,25.6134,0.289148,FALSE,FALSE,post,7,fernow_WS-5
1310,2016-02-03,15.8668,0.210084,FALSE,FALSE,post,7,fernow_WS-5
1311,2016-02-10,9.6961,0.379506,FALSE,FALSE,post,7,fernow_WS-5
1312,2016-02-17,22.7243,0.230415,FALSE,FALSE,post,7,fernow_WS-5
1313,2016-02-24,11.2258,0.201048,FALSE,FALSE,post,7,fernow_WS-5
1314,2016-03-02,8.6323,0.201048,FALSE,FALSE,post,7,fernow_WS-5
1315,2016-03-09,7.4897,0.21912,FALSE,FALSE,post,7,fernow_WS-5
1316,2016-03-16,7.7793,0.250745,FALSE,FALSE,post,7,fernow_WS-5
1317,2016-03-23,6.3122,0.21912,FALSE,FALSE,post,7,fernow_WS-5
1318,2016-03-30,5.5331,0.23945,FALSE,FALSE,post,7,fernow_WS-5
1319,2016-04-06,19.5854,0.300443,FALSE,FALSE,post,7,fernow_WS-5
1320,2016-04-13,10.5317,0.201048,FALSE,FALSE,post,7,fernow_WS-5
1321,2016-04-20,7.9617000000000004,0.210084,FALSE,FALSE,post,7,fernow_WS-5
1322,2016-04-27,20.3078,0.201048,FALSE,FALSE,post,7,fernow_WS-5
1323,2016-05-04,29.5711,0.189753,FALSE,FALSE,post,7,fernow_WS-5
1324,2016-05-11,13.4093,0.21912,FALSE,FALSE,post,7,fernow_WS-5
1325,2016-05-18,29.367,0.201048,FALSE,FALSE,post,7,fernow_WS-5
1326,2016-05-25,5.1238,0.210084,FALSE,FALSE,post,7,fernow_WS-5
1327,2016-06-01,2.3142,0.250745,FALSE,FALSE,post,7,fernow_WS-5
1328,2016-06-08,1.1486,0.250745,FALSE,FALSE,post,7,fernow_WS-5
1329,2016-06-15,1.4436,0.259781,FALSE,FALSE,post,7,fernow_WS-5
1330,2016-06-22,19.114,0.230415,FALSE,FALSE,post,7,fernow_WS-5
1331,2016-06-29,12.4196,0.230415,FALSE,FALSE,post,7,fernow_WS-5
1332,2016-07-06,8.9514,0.210084,FALSE,FALSE,post,7,fernow_WS-5
1333,2016-07-13,1.189,0.160387,FALSE,FALSE,post,7,fernow_WS-5
1334,2016-07-20,0.4599,0.201048,FALSE,FALSE,post,7,fernow_WS-5
1335,2016-07-27,0.5791,0.210084,FALSE,FALSE,post,7,fernow_WS-5
1336,2016-08-03,0.4322,0.210084,FALSE,FALSE,post,7,fernow_WS-5
1337,2016-08-10,0.4322,0.189753,FALSE,FALSE,post,7,fernow_WS-5
1338,2016-08-17,1.0343,0.230415,FALSE,FALSE,post,7,fernow_WS-5
1339,2016-08-24,0.847,0.201048,FALSE,FALSE,post,7,fernow_WS-5
1340,2016-08-31,0.1993,0.189753,FALSE,FALSE,post,7,fernow_WS-5
1341,2016-09-07,0.1138,0.201048,FALSE,FALSE,post,7,fernow_WS-5
1342,2016-09-14,0.13,0.255263,TRUE,FALSE,post,7,fernow_WS-5
1343,2016-09-21,0.0614,0.309478,FALSE,FALSE,post,7,fernow_WS-5
1344,2016-09-28,1.8079,0.230415,FALSE,FALSE,post,7,fernow_WS-5
1345,2016-10-05,0.5346,0.201048,FALSE,FALSE,post,7,fernow_WS-5
1346,2016-10-12,0.2721,0.180717,FALSE,FALSE,post,7,fernow_WS-5
1347,2016-10-19,1.4846,0.13102,FALSE,FALSE,post,7,fernow_WS-5
1348,2016-10-26,0.7904,0.149092,FALSE,FALSE,post,7,fernow_WS-5
1349,2016-11-02,2.2913,0.210084,FALSE,FALSE,post,7,fernow_WS-5
1350,2016-11-09,2.5586,0.230415,FALSE,FALSE,post,7,fernow_WS-5
1351,2016-11-16,0.9205,0.23945,FALSE,FALSE,post,7,fernow_WS-5
1352,2016-11-23,2.6097,0.379506,FALSE,FALSE,post,7,fernow_WS-5
1353,2016-11-30,17.2984,0.259781,FALSE,FALSE,post,7,fernow_WS-5
1354,2016-12-07,18.5048,0.28011200000000003,FALSE,FALSE,post,7,fernow_WS-5
1355,2016-12-14,28.5248,0.300443,FALSE,FALSE,post,7,fernow_WS-5
1356,2016-12-21,13.0234,0.259781,FALSE,FALSE,post,7,fernow_WS-5
1357,2016-12-28,28.4561,0.320773,FALSE,FALSE,post,7,fernow_WS-5
1358,2017-01-04,24.6978,0.271076,FALSE,FALSE,post,7,fernow_WS-5
1359,2017-01-11,34.6551,0.250745,FALSE,FALSE,post,7,fernow_WS-5
1360,2017-01-18,12.9945,0.23945,FALSE,FALSE,post,7,fernow_WS-5
1361,2017-01-25,11.6358,0.259781,FALSE,FALSE,post,7,fernow_WS-5
1362,2017-02-01,6.0274,0.289148,FALSE,FALSE,post,7,fernow_WS-5
1363,2017-02-08,34.1609,0.309478,FALSE,FALSE,post,7,fernow_WS-5
1364,2017-02-15,6.745,0.250745,FALSE,FALSE,post,7,fernow_WS-5
1365,2017-02-22,6.2327,0.250745,FALSE,FALSE,post,7,fernow_WS-5
1366,2017-03-01,13.3588,0.329809,FALSE,FALSE,post,7,fernow_WS-5
1367,2017-03-08,11.4931,0.250745,FALSE,FALSE,post,7,fernow_WS-5
1368,2017-03-15,17.1683,0.28011200000000003,FALSE,FALSE,post,7,fernow_WS-5
1369,2017-03-22,11.6244,0.259781,FALSE,FALSE,post,7,fernow_WS-5
1370,2017-03-29,28.1437,0.271076,FALSE,FALSE,post,7,fernow_WS-5
1371,2017-04-05,30.0202,0.23945,FALSE,FALSE,post,7,fernow_WS-5
1372,2017-04-12,7.5692,0.23945,FALSE,FALSE,post,7,fernow_WS-5
1373,2017-04-19,15.3605,0.23945,FALSE,FALSE,post,7,fernow_WS-5
1374,2017-04-26,10.3673,0.210084,FALSE,FALSE,post,7,fernow_WS-5
1375,2017-05-03,23.345,0.259781,FALSE,FALSE,post,7,fernow_WS-5
1376,2017-05-10,21.5245,0.249616,TRUE,FALSE,post,7,fernow_WS-5
1377,2017-05-17,2.6567,0.23945,FALSE,FALSE,post,7,fernow_WS-5
1378,2017-05-24,6.6764,0.230415,FALSE,FALSE,post,7,fernow_WS-5
1379,2017-05-31,2.98,0.169422,FALSE,FALSE,post,7,fernow_WS-5
1380,2017-06-07,0.7104,0.21912,FALSE,FALSE,post,7,fernow_WS-5
1381,2017-06-14,2.508,0.289148,FALSE,FALSE,post,7,fernow_WS-5
1382,2017-06-21,10.2536,0.230415,FALSE,FALSE,post,7,fernow_WS-5
1383,2017-06-28,1.2113,0.23945,FALSE,FALSE,post,7,fernow_WS-5
1384,2017-07-05,1.7964,0.259781,FALSE,FALSE,post,7,fernow_WS-5
1385,2017-07-12,6.5054,0.250745,FALSE,FALSE,post,7,fernow_WS-5
1386,2017-07-19,2.4851,0.259781,FALSE,FALSE,post,7,fernow_WS-5
1387,2017-07-26,51.8469,0.210084,FALSE,FALSE,post,7,fernow_WS-5
1388,2017-08-02,2.9854,0.230415,FALSE,FALSE,post,7,fernow_WS-5
1389,2017-08-09,4.7433,0.289148,FALSE,FALSE,post,7,fernow_WS-5
1390,2017-08-16,5.2887,0.21912,FALSE,FALSE,post,7,fernow_WS-5
1391,2017-08-23,1.9331,0.210084,FALSE,FALSE,post,7,fernow_WS-5
1392,2017-08-30,2.4851,0.411132,FALSE,FALSE,post,7,fernow_WS-5
1393,2017-09-06,8.781,0.201048,FALSE,FALSE,post,7,fernow_WS-5
1394,2017-09-13,1.012,0.189753,FALSE,FALSE,post,7,fernow_WS-5
1395,2017-09-20,0.4377,0.149092,FALSE,FALSE,post,7,fernow_WS-5
1396,2017-09-27,0.1758,0.114078,TRUE,FALSE,post,7,fernow_WS-5
1397,2017-10-04,0.8579,0.079064,FALSE,FALSE,post,7,fernow_WS-5
1398,2017-10-11,0.5906,0.210084,TRUE,FALSE,post,7,fernow_WS-5
1399,2017-10-18,3.5206,0.341104,FALSE,FALSE,post,7,fernow_WS-5
1400,2017-10-25,12.2498,0.210084,FALSE,FALSE,post,7,fernow_WS-5
1401,2017-11-01,23.3787,0.250745,FALSE,FALSE,post,7,fernow_WS-5
1402,2017-11-08,14.2395,0.169422,FALSE,FALSE,post,7,fernow_WS-5
1403,2017-11-15,6.7275,0.201048,FALSE,FALSE,post,7,fernow_WS-5
1404,2017-11-22,4.5723,0.201048,FALSE,FALSE,post,7,fernow_WS-5
1405,2017-11-29,1.7513,0.21912,FALSE,FALSE,post,7,fernow_WS-5
1406,2017-12-06,2.1101,0.259781,FALSE,FALSE,post,7,fernow_WS-5
1407,2017-12-13,1.5755,0.271076,FALSE,FALSE,post,7,fernow_WS-5
1408,2017-12-20,15.8601,0.230415,FALSE,FALSE,post,7,fernow_WS-5
1409,2017-12-27,4.6747,0.23945,FALSE,FALSE,post,7,fernow_WS-5
1410,2018-01-03,2.0469,0.300443,FALSE,FALSE,post,7,fernow_WS-5
1411,2018-01-10,32.8641,0.23945,FALSE,FALSE,post,7,fernow_WS-5
1412,2018-01-17,6.4488,0.259781,FALSE,FALSE,post,7,fernow_WS-5
1413,2018-01-24,15.4514,0.230415,FALSE,FALSE,post,7,fernow_WS-5
1414,2018-01-31,13.6941,0.210084,FALSE,FALSE,post,7,fernow_WS-5
1415,2018-02-07,49.9078,0.250745,FALSE,FALSE,post,7,fernow_WS-5
1416,2018-02-14,47.4167,0.201048,FALSE,FALSE,post,7,fernow_WS-5
1417,2018-02-21,25.3112,0.189753,FALSE,FALSE,post,7,fernow_WS-5
1418,2018-02-28,12.9771,0.189753,FALSE,FALSE,post,7,fernow_WS-5
1419,2018-03-07,6.5006,0.21912,FALSE,FALSE,post,7,fernow_WS-5
1420,2018-03-14,6.438,0.230415,FALSE,FALSE,post,7,fernow_WS-5
1421,2018-03-21,12.8013,0.201048,FALSE,FALSE,post,7,fernow_WS-5
1422,2018-03-28,43.7883,0.201048,FALSE,FALSE,post,7,fernow_WS-5
1423,2018-04-04,14.5514,0.189753,FALSE,FALSE,post,7,fernow_WS-5
1424,2018-04-11,30.4988,0.429204,FALSE,FALSE,post,7,fernow_WS-5
1425,2018-04-18,15.6272,0.169422,FALSE,FALSE,post,7,fernow_WS-5
1426,2018-04-25,10.2987,0.169422,FALSE,FALSE,post,7,fernow_WS-5
1427,2018-05-02,16.2924,0.201048,FALSE,FALSE,post,7,fernow_WS-5
1428,2018-05-09,7.0635,0.169422,FALSE,FALSE,post,7,fernow_WS-5
1429,2018-05-16,39.8584,0.180717,FALSE,FALSE,post,7,fernow_WS-5
1430,2018-05-23,10.4408,0.201048,FALSE,FALSE,post,7,fernow_WS-5
1431,2018-05-30,56.896,0.189753,FALSE,FALSE,post,7,fernow_WS-5
1432,2018-06-06,4.2767,0.204436,TRUE,FALSE,post,7,fernow_WS-5
1433,2018-06-13,2.0535,0.21912,FALSE,FALSE,post,7,fernow_WS-5
1434,2018-06-20,5.2767,0.230415,FALSE,FALSE,post,7,fernow_WS-5
1435,2018-06-27,11.7315,0.230415,FALSE,FALSE,post,7,fernow_WS-5
1436,2018-07-04,1.797,0.259781,FALSE,FALSE,post,7,fernow_WS-5
1437,2018-07-11,5.0786,0.23945,FALSE,FALSE,post,7,fernow_WS-5
1438,2018-07-18,4.1395,0.23945,FALSE,FALSE,post,7,fernow_WS-5
1439,2018-07-25,2.0589,0.28011200000000003,FALSE,FALSE,post,7,fernow_WS-5
1440,2018-08-01,10.1795,0.21912,FALSE,FALSE,post,7,fernow_WS-5
1441,2018-08-08,2.6164,0.28011200000000003,FALSE,FALSE,post,7,fernow_WS-5
1442,2018-08-15,7.0123,0.21912,FALSE,FALSE,post,7,fernow_WS-5
1443,2018-08-22,6.7908,0.201048,FALSE,FALSE,post,7,fernow_WS-5
1444,2018-08-29,1.4268,0.201048,FALSE,FALSE,post,7,fernow_WS-5
1445,2018-09-05,13.2444,0.230415,FALSE,FALSE,post,7,fernow_WS-5
1446,2018-09-12,6.4771,0.320773,FALSE,FALSE,post,7,fernow_WS-5
1447,2018-09-19,19.3693,0.271076,FALSE,FALSE,post,7,fernow_WS-5
1448,2018-09-26,38.3353,0.201048,FALSE,FALSE,post,7,fernow_WS-5
1449,2018-10-03,14.4111,0.169422,FALSE,FALSE,post,7,fernow_WS-5
1450,2018-10-10,18.0268,0.230415,FALSE,FALSE,post,7,fernow_WS-5
1451,2018-10-17,10.9302,0.180717,FALSE,FALSE,post,7,fernow_WS-5
1452,2018-10-24,17.2538,0.35014,FALSE,FALSE,post,7,fernow_WS-5
1453,2018-10-31,10.9356,0.13102,FALSE,FALSE,post,7,fernow_WS-5
1454,2018-11-07,22.3944,0.210084,FALSE,FALSE,post,7,fernow_WS-5
1455,2018-11-14,20.8822,0.201048,FALSE,FALSE,post,7,fernow_WS-5
1456,2018-11-21,13.779,0.230415,FALSE,FALSE,post,7,fernow_WS-5
1457,2018-11-28,11.6237,0.230415,FALSE,FALSE,post,7,fernow_WS-5
1458,2018-12-05,6.1297,0.259781,FALSE,FALSE,post,7,fernow_WS-5
1459,2018-12-12,19.226,0.28011200000000003,FALSE,FALSE,post,7,fernow_WS-5
1460,2018-12-19,15.7975,0.287211,TRUE,FALSE,post,7,fernow_WS-5
1461,2018-12-26,18.6415,0.294311,TRUE,FALSE,post,7,fernow_WS-5
1462,2019-01-02,10.4011,0.301411,TRUE,FALSE,post,7,fernow_WS-5
1463,2019-01-09,6.4711,0.30851,TRUE,FALSE,post,7,fernow_WS-5
1464,2019-01-16,29.736,0.31561,TRUE,FALSE,post,7,fernow_WS-5
1465,2019-01-23,21.235,0.32271,TRUE,FALSE,post,7,fernow_WS-5
1466,2019-01-30,5.2767,0.329809,FALSE,FALSE,post,7,fernow_WS-5
1467,2019-02-06,23.1283,0.300443,FALSE,FALSE,post,7,fernow_WS-5
1468,2019-02-13,14.2395,0.289148,FALSE,FALSE,post,7,fernow_WS-5
1469,2019-02-20,41.3086,0.329809,FALSE,FALSE,post,7,fernow_WS-5
1470,2019-02-27,9.3427,0.289148,FALSE,FALSE,post,7,fernow_WS-5
1471,2019-03-06,13.7055,0.271076,FALSE,FALSE,post,7,fernow_WS-5
1472,2019-03-13,5.9311,0.320773,FALSE,FALSE,post,7,fernow_WS-5
1473,2019-03-20,3.343,0.289148,FALSE,FALSE,post,7,fernow_WS-5
